cargo_id,allocated_quantity_mt,total_base_cost,total_low_cost,total_high_cost,total_high_exposure,voyages,final_arrival,quantity_tonnes,required_by,priority,quantity_fulfilled_pct,deadline_feasible,late_days,reason_codes
CARGO-001,364833.0,13581115.1646,12799637.328727603,14283989.733310377,702874.5687103769,7,2026-11-04 09:46:15.599999999,364833,2026-10-26,HIGH,100.0,False,9.407124999999988,DEADLINE_MISSED|HIGH_SCENARIO_FREIGHT_EXPOSURE|MULTI_VOYAGE_ALLOCATION
CARGO-002,691263.0,26454690.9952,24905109.486625817,27848411.180884834,1393720.1856848325,12,2026-12-14 14:51:42.719999995,691263,2026-10-26,MEDIUM,100.0,False,49.61924444444439,DEADLINE_MISSED|HIGH_SCENARIO_FREIGHT_EXPOSURE|MULTI_VOYAGE_ALLOCATION
CARGO-003,861063.0,33234897.217499997,31243116.897961408,35026338.597918235,1791441.3804182375,9,2026-11-07 13:52:35.999999996,861063,2026-10-26,MEDIUM,100.0,False,12.5781944444444,DEADLINE_MISSED|HIGH_SCENARIO_FREIGHT_EXPOSURE|MULTI_VOYAGE_ALLOCATION
CARGO-004,628409.0,22984781.1198,21649624.2465988,24185644.110833343,1200862.9910333417,11,2027-01-20 14:07:11.999999988,628409,2026-11-26,HIGH,100.0,False,55.588333333333196,DEADLINE_MISSED|HIGH_SCENARIO_FREIGHT_EXPOSURE|MULTI_VOYAGE_ALLOCATION
CARGO-005,629861.0,24022787.8424,22618263.741332307,25286040.907893825,1263253.0654938254,11,2027-02-26 02:08:39.839999982,629861,2026-11-26,MEDIUM,100.0,False,92.0893499999998,DEADLINE_MISSED|HIGH_SCENARIO_FREIGHT_EXPOSURE|MULTI_VOYAGE_ALLOCATION
CARGO-006,819434.0,31421409.14,29522808.92888564,33129042.732769396,1707633.5927693965,6,2026-12-25 15:39:00.000000010,819434,2026-11-26,MEDIUM,100.0,False,29.652083333333447,DEADLINE_MISSED|HIGH_SCENARIO_FREIGHT_EXPOSURE|MULTI_VOYAGE_ALLOCATION
CARGO-007,760029.0,28389134.159,26744573.832682617,29868279.92234481,1479145.763344811,14,2027-04-05 10:26:41.519999983,760029,2026-12-26,HIGH,100.0,False,100.43520277777758,DEADLINE_MISSED|HIGH_SCENARIO_FREIGHT_EXPOSURE|MULTI_VOYAGE_ALLOCATION
CARGO-008,643559.0,24504612.883,23067728.331653427,25796971.492488753,1292358.6094887513,11,2027-05-12 03:32:11.759999983,643559,2026-12-26,MEDIUM,100.0,False,137.14735833333316,DEADLINE_MISSED|HIGH_SCENARIO_FREIGHT_EXPOSURE|MULTI_VOYAGE_ALLOCATION
CARGO-009,779275.0,29988536.02,28182982.82167513,31612481.53361717,1623945.5136171689,6,2027-02-15 01:02:24.000000016,779275,2026-12-26,MEDIUM,100.0,False,51.043333333333514,DEADLINE_MISSED|HIGH_SCENARIO_FREIGHT_EXPOSURE|MULTI_VOYAGE_ALLOCATION
CARGO-010,869720.0,31996545.6053,30134378.137106042,33671410.9642288,1674865.3589287992,15,2027-06-21 09:02:59.999999979,869720,2027-01-26,HIGH,100.0,False,146.3770833333331,DEADLINE_MISSED|HIGH_SCENARIO_FREIGHT_EXPOSURE|MULTI_VOYAGE_ALLOCATION
CARGO-011,865254.0,33060850.3028,31124795.325464614,34802171.354695305,1741321.0518953078,15,2027-08-11 23:46:15.839999963,865254,2027-01-26,MEDIUM,100.0,False,197.99046111111068,DEADLINE_MISSED|HIGH_SCENARIO_FREIGHT_EXPOSURE|MULTI_VOYAGE_ALLOCATION
CARGO-012,801345.0,30775993.62,28919304.995686833,32445931.212774757,1669937.5927747588,6,2027-04-07 10:25:48.000000022,801345,2027-01-26,MEDIUM,100.0,False,71.43458333333359,DEADLINE_MISSED|HIGH_SCENARIO_FREIGHT_EXPOSURE|MULTI_VOYAGE_ALLOCATION
CARGO-013,361228.0,13477526.1015,12703279.590562617,14173896.692539368,696370.5910393677,7,2027-08-30 15:52:39.839999962,361228,2027-02-26,HIGH,100.0,False,185.6615722222218,DEADLINE_MISSED|HIGH_SCENARIO_FREIGHT_EXPOSURE|MULTI_VOYAGE_ALLOCATION
CARGO-014,781507.0,30072052.092,28316267.49061374,31651234.87594936,1579182.7839493603,14,2027-10-07 18:03:23.759999971,781507,2027-02-26,MEDIUM,100.0,False,223.752358333333,DEADLINE_MISSED|HIGH_SCENARIO_FREIGHT_EXPOSURE|MULTI_VOYAGE_ALLOCATION
CARGO-015,576100.0,22011250.68,20676446.923232544,23211796.07205653,1200545.3920565285,4,2027-05-11 16:41:24.000000026,576100,2027-02-26,MEDIUM,100.0,False,74.69541666666697,DEADLINE_MISSED|HIGH_SCENARIO_FREIGHT_EXPOSURE|MULTI_VOYAGE_ALLOCATION
CARGO-016,473178.0,17661251.6508,16644167.589175904,18576034.49983395,914782.8490339473,9,2027-11-07 05:50:19.199999966,473178,2027-03-26,HIGH,100.0,False,226.24327777777742,DEADLINE_MISSED|HIGH_SCENARIO_FREIGHT_EXPOSURE|MULTI_VOYAGE_ALLOCATION
CARGO-017,470250.0,18158757.0375,17104760.199028455,19106739.8711216,947982.833621601,9,2027-12-01 16:32:35.759999966,470250,2027-03-26,MEDIUM,100.0,False,250.6893027777774,DEADLINE_MISSED|HIGH_SCENARIO_FREIGHT_EXPOSURE|MULTI_VOYAGE_ALLOCATION
CARGO-018,581515.0,22204457.88,20857107.755687162,23416287.6902096,1211829.8102096021,4,2027-06-14 22:57:00.000000030,581515,2027-03-26,MEDIUM,100.0,False,80.95625000000034,DEADLINE_MISSED|HIGH_SCENARIO_FREIGHT_EXPOSURE|MULTI_VOYAGE_ALLOCATION
