cargo_id,vessel_id,vessel_type,origin,destination,allocated_quantity_mt,capacity_mt,utilization_pct,sailing_days,handling_days,start,arrival,required_by,lateness_days,deadline_feasible,low_rate,base_rate,high_rate,freight_cost_low,freight_cost_base,freight_cost_high,fuel_mt,fuel_cost,total_cost_low,base_total_cost,total_cost_high,high_scenario_exposure,objective_cost,bunker_price,voyage_sequence,priority,quantity_fulfilled_pct,deadline_feasible_cargo,late_days,reason_codes,optimization_status
CARGO-001,SUPRA-003,Supramax,Newcastle_Australia,Paradip,44000.0,44000.0,100.0,18.06,0.611111111111111,2026-10-01 00:00:00.000000000,2026-10-19 16:06:23.999999999,2026-10-26,0.0,True,33.84926718495531,36.2,38.314289411270856,1489367.7561380337,1592800.0000000002,1685828.7340959178,415.38,193596.1566,1682963.9127380336,1786396.1566000003,1879424.890695918,93028.73409591755,1818956.2135335715,466.07,1,HIGH,100.0,False,9.407124999999988,DEADLINE_MISSED|HIGH_SCENARIO_FREIGHT_EXPOSURE|MULTI_VOYAGE_ALLOCATION,HEURISTIC_RISK_AWARE
CARGO-001,SUPRA-002,Supramax,Newcastle_Australia,Paradip,47000.0,47000.0,100.0,18.06,0.6527777777777778,2026-10-01 00:00:00.000000000,2026-10-19 17:06:24.000000001,2026-10-26,0.0,True,33.84926718495531,36.2,38.314289411270856,1590915.5576928996,1701400.0000000002,1800771.6023297303,433.43999999999994,202013.38079999996,1792928.9384928995,1903413.3808000002,2002784.9831297302,99371.60232973006,1938193.4416154057,466.07,2,HIGH,100.0,False,9.407124999999988,DEADLINE_MISSED|HIGH_SCENARIO_FREIGHT_EXPOSURE|MULTI_VOYAGE_ALLOCATION,HEURISTIC_RISK_AWARE
CARGO-001,SUPRA-001,Supramax,Newcastle_Australia,Paradip,53000.0,53000.0,100.0,18.06,0.7361111111111112,2026-10-01 00:00:00.000000000,2026-10-19 19:06:23.999999999,2026-10-26,0.0,True,33.84926718495531,36.2,38.314289411270856,1794011.1608026314,1918600.0000000002,2030657.3387973553,469.55999999999995,218847.82919999998,2012858.9900026314,2137447.8292,2249505.167997355,112057.33879735507,2176667.8977790745,466.07,3,HIGH,100.0,False,9.407124999999988,DEADLINE_MISSED|HIGH_SCENARIO_FREIGHT_EXPOSURE|MULTI_VOYAGE_ALLOCATION,HEURISTIC_RISK_AWARE
CARGO-001,PANA-003,Panamax,Newcastle_Australia,Paradip,62000.0,62000.0,100.0,16.67,0.8611111111111112,2026-10-01 00:00:00.000000000,2026-10-18 12:44:47.999999999,2026-10-26,0.0,True,28.88408462274225,30.89,32.694154693761234,1790813.2466100196,1915180.0,2027037.5910131966,483.43000000000006,225312.22010000004,2016125.4667100196,2140492.2201,2252349.8111131964,111857.59101319639,2179642.376954619,466.07,4,HIGH,100.0,False,9.407124999999988,DEADLINE_MISSED|HIGH_SCENARIO_FREIGHT_EXPOSURE|MULTI_VOYAGE_ALLOCATION,HEURISTIC_RISK_AWARE
CARGO-001,PANA-002,Panamax,Newcastle_Australia,Paradip,69000.0,69000.0,100.0,16.67,0.9583333333333334,2026-10-01 00:00:00.000000000,2026-10-18 15:04:47.999999997,2026-10-26,0.0,True,28.88408462274225,30.89,32.694154693761234,1993001.8389692153,2131410.0,2255896.673869525,500.1,233081.60700000002,2226083.445969215,2364491.607,2488978.280869525,124486.67386952508,2408061.9428543337,466.07,5,HIGH,100.0,False,9.407124999999988,DEADLINE_MISSED|HIGH_SCENARIO_FREIGHT_EXPOSURE|MULTI_VOYAGE_ALLOCATION,HEURISTIC_RISK_AWARE
CARGO-001,PANA-001,Panamax,Newcastle_Australia,Paradip,75000.0,75000.0,100.0,16.67,1.0416666666666667,2026-10-01 00:00:00.000000000,2026-10-18 17:04:48.000000002,2026-10-26,0.0,True,28.88408462274225,30.89,32.694154693761234,2166306.3467056686,2316750.0,2452061.6020320924,533.44,248620.3808,2414926.7275056685,2565370.3808,2700681.9828320923,135311.6020320924,2612729.4415112324,466.07,6,HIGH,100.0,False,9.407124999999988,DEADLINE_MISSED|HIGH_SCENARIO_FREIGHT_EXPOSURE|MULTI_VOYAGE_ALLOCATION,HEURISTIC_RISK_AWARE
CARGO-001,PANA-003,Panamax,Newcastle_Australia,Paradip,14833.0,62000.0,23.924193548387095,16.67,0.2060138888888889,2026-10-18 12:44:47.999999999,2026-11-04 09:46:15.599999999,2026-10-26,9.407124999988426,False,28.88408462274225,30.89,32.694154693761234,428437.6272091358,458191.37,484952.39657256036,483.43000000000006,225312.22010000004,653749.8473091358,683503.5901,710264.6166725603,26761.02657256031,3044651.1993975025,466.07,7,HIGH,100.0,False,9.407124999999988,DEADLINE_MISSED|HIGH_SCENARIO_FREIGHT_EXPOSURE|MULTI_VOYAGE_ALLOCATION,HEURISTIC_RISK_AWARE
CARGO-002,PANA-003,Panamax,Newcastle_Australia,Visakhapatnam,62000.0,62000.0,100.0,16.35,1.0333333333333334,2026-11-04 09:46:15.599999999,2026-11-21 18:58:15.599999996,2026-10-26,26.79045833332176,False,31.100183054464463,33.26,35.20257640383615,1928211.3493767967,2062119.9999999998,2182559.737037841,474.15000000000003,220987.09050000002,2149198.4398767967,2283107.0905,2403546.827537841,120439.73703784123,9022875.581793685,466.07,1,MEDIUM,100.0,False,49.61924444444439,DEADLINE_MISSED|HIGH_SCENARIO_FREIGHT_EXPOSURE|MULTI_VOYAGE_ALLOCATION,HEURISTIC_RISK_AWARE
CARGO-002,PANA-002,Panamax,Newcastle_Australia,Visakhapatnam,69000.0,69000.0,100.0,16.35,1.1500000000000001,2026-11-05 04:14:59.999999997,2026-11-22 16:14:59.999999997,2026-10-26,27.67708333332176,False,31.100183054464463,33.26,35.20257640383615,2145912.630758048,2294940.0,2428977.771864694,490.50000000000006,228607.33500000002,2374519.965758048,2523547.335,2657585.106864694,134037.77186469408,9489731.388483083,466.07,2,MEDIUM,100.0,False,49.61924444444439,DEADLINE_MISSED|HIGH_SCENARIO_FREIGHT_EXPOSURE|MULTI_VOYAGE_ALLOCATION,HEURISTIC_RISK_AWARE
CARGO-002,SUPRA-003,Supramax,Newcastle_Australia,Visakhapatnam,44000.0,44000.0,100.0,17.71,0.7333333333333334,2026-11-07 08:37:35.999999996,2026-11-25 19:15:59.999999993,2026-10-26,30.802777777766206,False,34.01757845825067,36.38,38.50480245254237,1496773.4521630295,1600720.0,1694211.3079118642,407.33000000000004,189844.2931,1686617.7452630294,1790564.2931,1884055.6010118644,93491.30791186448,9523980.695310704,466.07,3,MEDIUM,100.0,False,49.61924444444439,DEADLINE_MISSED|HIGH_SCENARIO_FREIGHT_EXPOSURE|MULTI_VOYAGE_ALLOCATION,HEURISTIC_RISK_AWARE
CARGO-002,SUPRA-002,Supramax,Newcastle_Australia,Visakhapatnam,47000.0,47000.0,100.0,17.71,0.7833333333333333,2026-11-07 10:22:35.999999998,2026-11-25 22:12:59.999999995,2026-10-26,30.925694444432875,False,34.01757845825067,36.38,38.50480245254237,1598826.1875377814,1709860.0000000002,1809725.7152694915,425.04,198098.3928,1796924.5803377815,1907958.3928000003,2007824.1080694916,99865.71526949131,9674335.00425254,466.07,4,MEDIUM,100.0,False,49.61924444444439,DEADLINE_MISSED|HIGH_SCENARIO_FREIGHT_EXPOSURE|MULTI_VOYAGE_ALLOCATION,HEURISTIC_RISK_AWARE
CARGO-002,PANA-001,Panamax,Newcastle_Australia,Visakhapatnam,75000.0,75000.0,100.0,16.35,1.25,2026-11-05 07:45:00.000000002,2026-11-22 22:09:00.000000002,2026-10-26,27.922916666666666,False,31.100183054464463,33.26,35.20257640383615,2332513.729084835,2494500.0,2640193.230287711,523.2,243847.82400000002,2576361.553084835,2738347.824,2884041.054287711,145693.23028771114,9770069.621267365,466.07,5,MEDIUM,100.0,False,49.61924444444439,DEADLINE_MISSED|HIGH_SCENARIO_FREIGHT_EXPOSURE|MULTI_VOYAGE_ALLOCATION,HEURISTIC_RISK_AWARE
CARGO-002,SUPRA-001,Supramax,Newcastle_Australia,Visakhapatnam,53000.0,53000.0,100.0,17.71,0.8833333333333333,2026-11-07 13:52:35.999999996,2026-11-26 04:06:59.999999993,2026-10-26,31.171527777766205,False,34.01757845825067,36.38,38.50480245254237,1802931.6582872854,1928140.0000000002,2040754.5299847457,460.46000000000004,214606.5922,2017538.2504872854,2142746.5922000003,2255361.1221847455,112614.5299847452,9975043.622136213,466.07,6,MEDIUM,100.0,False,49.61924444444439,DEADLINE_MISSED|HIGH_SCENARIO_FREIGHT_EXPOSURE|MULTI_VOYAGE_ALLOCATION,HEURISTIC_RISK_AWARE
CARGO-002,PANA-003,Panamax,Newcastle_Australia,Visakhapatnam,62000.0,62000.0,100.0,16.35,1.0333333333333334,2026-11-21 18:58:15.599999996,2026-12-09 04:10:15.599999993,2026-10-26,44.17379166665509,False,31.100183054464463,33.26,35.20257640383615,1928211.3493767967,2062119.9999999998,2182559.737037841,474.15000000000003,220987.09050000002,2149198.4398767967,2283107.0905,2403546.827537841,120439.73703784123,13368708.915127017,466.07,7,MEDIUM,100.0,False,49.61924444444439,DEADLINE_MISSED|HIGH_SCENARIO_FREIGHT_EXPOSURE|MULTI_VOYAGE_ALLOCATION,HEURISTIC_RISK_AWARE
CARGO-002,PANA-002,Panamax,Newcastle_Australia,Visakhapatnam,69000.0,69000.0,100.0,16.35,1.1500000000000001,2026-11-22 16:14:59.999999997,2026-12-10 04:14:59.999999997,2026-10-26,45.17708333332176,False,31.100183054464463,33.26,35.20257640383615,2145912.630758048,2294940.0,2428977.771864694,490.50000000000006,228607.33500000002,2374519.965758048,2523547.335,2657585.106864694,134037.77186469408,13864731.388483083,466.07,8,MEDIUM,100.0,False,49.61924444444439,DEADLINE_MISSED|HIGH_SCENARIO_FREIGHT_EXPOSURE|MULTI_VOYAGE_ALLOCATION,HEURISTIC_RISK_AWARE
CARGO-002,SUPRA-003,Supramax,Newcastle_Australia,Visakhapatnam,44000.0,44000.0,100.0,17.71,0.7333333333333334,2026-11-25 19:15:59.999999993,2026-12-14 05:54:23.999999990,2026-10-26,49.24611111109954,False,34.01757845825067,36.38,38.50480245254237,1496773.4521630295,1600720.0,1694211.3079118642,407.33000000000004,189844.2931,1686617.7452630294,1790564.2931,1884055.6010118644,93491.30791186448,14134814.028644038,466.07,9,MEDIUM,100.0,False,49.61924444444439,DEADLINE_MISSED|HIGH_SCENARIO_FREIGHT_EXPOSURE|MULTI_VOYAGE_ALLOCATION,HEURISTIC_RISK_AWARE
CARGO-002,PANA-001,Panamax,Newcastle_Australia,Visakhapatnam,75000.0,75000.0,100.0,16.35,1.25,2026-11-22 22:09:00.000000002,2026-12-10 12:33:00.000000002,2026-10-26,45.52291666666667,False,31.100183054464463,33.26,35.20257640383615,2332513.729084835,2494500.0,2640193.230287711,523.2,243847.82400000002,2576361.553084835,2738347.824,2884041.054287711,145693.23028771114,14170069.621267365,466.07,10,MEDIUM,100.0,False,49.61924444444439,DEADLINE_MISSED|HIGH_SCENARIO_FREIGHT_EXPOSURE|MULTI_VOYAGE_ALLOCATION,HEURISTIC_RISK_AWARE
CARGO-002,SUPRA-002,Supramax,Newcastle_Australia,Visakhapatnam,47000.0,47000.0,100.0,17.71,0.7833333333333333,2026-11-25 22:12:59.999999995,2026-12-14 10:03:23.999999992,2026-10-26,49.4190277777662,False,34.01757845825067,36.38,38.50480245254237,1598826.1875377814,1709860.0000000002,1809725.7152694915,425.04,198098.3928,1796924.5803377815,1907958.3928000003,2007824.1080694916,99865.71526949131,14297668.337585874,466.07,11,MEDIUM,100.0,False,49.61924444444439,DEADLINE_MISSED|HIGH_SCENARIO_FREIGHT_EXPOSURE|MULTI_VOYAGE_ALLOCATION,HEURISTIC_RISK_AWARE
CARGO-002,SUPRA-001,Supramax,Newcastle_Australia,Visakhapatnam,44263.0,53000.0,83.51509433962264,17.71,0.7377166666666667,2026-11-26 04:06:59.999999993,2026-12-14 14:51:42.719999995,2026-10-26,49.61924444443287,False,34.01757845825067,36.38,38.50480245254237,1505720.0752975494,1610287.9400000002,1704338.070956883,460.46000000000004,214606.5922,1720326.6674975494,1824894.5322000002,1918944.663156883,94050.13095688284,14262623.189143127,466.07,12,MEDIUM,100.0,False,49.61924444444439,DEADLINE_MISSED|HIGH_SCENARIO_FREIGHT_EXPOSURE|MULTI_VOYAGE_ALLOCATION,HEURISTIC_RISK_AWARE
CARGO-003,CAPE-003,Capesize,Newcastle_Australia,Dhamra,145000.0,145000.0,100.0,15.62,1.5104166666666667,2026-10-01 00:00:00.000000000,2026-10-18 03:07:48.000000002,2026-10-26,0.0,True,33.363034617657604,35.68,37.76391840315315,4837640.019560353,5173600.0,5475768.168457206,749.76,349440.6432,5187080.662760353,5523040.6432,5825208.811657206,302168.16845720634,5628799.502160022,466.07,1,MEDIUM,100.0,False,12.5781944444444,DEADLINE_MISSED|HIGH_SCENARIO_FREIGHT_EXPOSURE|MULTI_VOYAGE_ALLOCATION,HEURISTIC_RISK_AWARE
CARGO-003,CAPE-002,Capesize,Newcastle_Australia,Dhamra,163000.0,163000.0,100.0,15.62,1.6979166666666667,2026-10-01 00:00:00.000000000,2026-10-18 07:37:48.000000002,2026-10-26,0.0,True,33.363034617657604,35.68,37.76391840315315,5438174.642678189,5815840.0,6155518.699713963,812.24,378560.6968,5816735.339478189,6194400.6968,6534079.396513963,339678.6997139631,6313288.241699887,466.07,2,MEDIUM,100.0,False,12.5781944444444,DEADLINE_MISSED|HIGH_SCENARIO_FREIGHT_EXPOSURE|MULTI_VOYAGE_ALLOCATION,HEURISTIC_RISK_AWARE
CARGO-003,SUPRA-003,Supramax,Newcastle_Australia,Dhamra,44000.0,44000.0,100.0,18.23,0.4583333333333333,2026-10-19 16:06:23.999999999,2026-11-07 08:37:35.999999996,2026-10-26,12.35944444443287,False,34.45705789407744,36.85,39.00225317141798,1516110.5473394073,1621400.0,1716099.1395423913,419.29,195418.4903,1711529.0376394072,1816818.4903,1911517.6298423912,94699.13954239129,4939824.300248055,466.07,3,MEDIUM,100.0,False,12.5781944444444,DEADLINE_MISSED|HIGH_SCENARIO_FREIGHT_EXPOSURE|MULTI_VOYAGE_ALLOCATION,HEURISTIC_RISK_AWARE
CARGO-003,SUPRA-002,Supramax,Newcastle_Australia,Dhamra,47000.0,47000.0,100.0,18.23,0.4895833333333333,2026-10-19 17:06:24.000000001,2026-11-07 10:22:35.999999998,2026-10-26,12.432361111099537,False,34.45705789407744,36.85,39.00225317141798,1619481.7210216394,1731950.0,1833105.899056645,437.52,203914.9464,1823396.6674216394,1935864.9464,2037020.8454566451,101155.89905664511,5079359.78884471,466.07,4,MEDIUM,100.0,False,12.5781944444444,DEADLINE_MISSED|HIGH_SCENARIO_FREIGHT_EXPOSURE|MULTI_VOYAGE_ALLOCATION,HEURISTIC_RISK_AWARE
CARGO-003,PANA-002,Panamax,Newcastle_Australia,Dhamra,69000.0,69000.0,100.0,16.83,0.71875,2026-10-18 15:04:47.999999997,2026-11-05 04:14:59.999999997,2026-10-26,10.17708333332176,False,31.94173942094125,34.16,36.15514161019371,2203980.020044946,2357039.9999999995,2494704.771103366,504.9,235318.743,2439298.763044946,2592358.7429999993,2730023.5141033656,137664.77110336628,5184812.2462166175,466.07,5,MEDIUM,100.0,False,12.5781944444444,DEADLINE_MISSED|HIGH_SCENARIO_FREIGHT_EXPOSURE|MULTI_VOYAGE_ALLOCATION,HEURISTIC_RISK_AWARE
CARGO-003,SUPRA-001,Supramax,Newcastle_Australia,Dhamra,53000.0,53000.0,100.0,18.23,0.5520833333333334,2026-10-19 19:06:23.999999999,2026-11-07 13:52:35.999999996,2026-10-26,12.57819444443287,False,34.45705789407744,36.85,39.00225317141798,1826224.0683861042,1953050.0,2067119.4180851532,473.98,220907.8586,2047131.926986104,2173957.8586,2288027.276685153,114069.41808515321,5358430.766038021,466.07,6,MEDIUM,100.0,False,12.5781944444444,DEADLINE_MISSED|HIGH_SCENARIO_FREIGHT_EXPOSURE|MULTI_VOYAGE_ALLOCATION,HEURISTIC_RISK_AWARE
CARGO-003,PANA-001,Panamax,Newcastle_Australia,Dhamra,75000.0,75000.0,100.0,16.83,0.78125,2026-10-18 17:04:48.000000002,2026-11-05 07:45:00.000000002,2026-10-26,10.322916666666666,False,31.94173942094125,34.16,36.15514161019371,2395630.4565705936,2561999.9999999995,2711635.6207645284,538.56,251006.65919999997,2646637.1157705938,2813006.6591999996,2962642.2799645285,149635.62076452887,5446108.293134252,466.07,7,MEDIUM,100.0,False,12.5781944444444,DEADLINE_MISSED|HIGH_SCENARIO_FREIGHT_EXPOSURE|MULTI_VOYAGE_ALLOCATION,HEURISTIC_RISK_AWARE
CARGO-003,CAPE-003,Capesize,Newcastle_Australia,Dhamra,145000.0,145000.0,100.0,15.62,1.5104166666666667,2026-10-18 03:07:48.000000002,2026-11-04 06:15:36.000000004,2026-10-26,9.260833333333334,False,33.363034617657604,35.68,37.76391840315315,4837640.019560353,5173600.0,5475768.168457206,749.76,349440.6432,5187080.662760353,5523040.6432,5825208.811657206,302168.16845720634,7944007.835493356,466.07,8,MEDIUM,100.0,False,12.5781944444444,DEADLINE_MISSED|HIGH_SCENARIO_FREIGHT_EXPOSURE|MULTI_VOYAGE_ALLOCATION,HEURISTIC_RISK_AWARE
CARGO-003,CAPE-002,Capesize,Newcastle_Australia,Dhamra,120063.0,163000.0,73.65828220858896,15.62,1.25065625,2026-10-18 07:37:48.000000002,2026-11-04 04:31:32.700000002,2026-10-26,9.188572916666667,False,33.363034617657604,35.68,37.76391840315315,4005666.025299825,4283847.84,4534049.335237777,812.24,378560.6968,4384226.722099825,4662408.5368,4912610.032037777,250201.495237777,7047122.289299889,466.07,9,MEDIUM,100.0,False,12.5781944444444,DEADLINE_MISSED|HIGH_SCENARIO_FREIGHT_EXPOSURE|MULTI_VOYAGE_ALLOCATION,HEURISTIC_RISK_AWARE
CARGO-004,PANA-003,Panamax,Newcastle_Australia,Paradip,62000.0,62000.0,100.0,16.67,0.8611111111111112,2026-12-09 04:10:15.599999993,2026-12-26 16:55:03.599999992,2026-11-26,30.7049027777662,False,28.88408462274225,30.89,32.694154693761234,1790813.2466100196,1915180.0,2027037.5910131966,483.43000000000006,225312.22010000004,2016125.4667100196,2140492.2201,2252349.8111131964,111857.59101319639,9855868.071396168,466.07,1,HIGH,100.0,False,55.588333333333196,DEADLINE_MISSED|HIGH_SCENARIO_FREIGHT_EXPOSURE|MULTI_VOYAGE_ALLOCATION,HEURISTIC_RISK_AWARE
CARGO-004,PANA-002,Panamax,Newcastle_Australia,Paradip,69000.0,69000.0,100.0,16.67,0.9583333333333334,2026-12-10 04:14:59.999999997,2026-12-27 19:19:47.999999994,2026-11-26,31.805416666655095,False,28.88408462274225,30.89,32.694154693761234,1993001.8389692153,2131410.0,2255896.673869525,500.1,233081.60700000002,2226083.445969215,2364491.607,2488978.280869525,124486.67386952508,10359416.109518107,466.07,2,HIGH,100.0,False,55.588333333333196,DEADLINE_MISSED|HIGH_SCENARIO_FREIGHT_EXPOSURE|MULTI_VOYAGE_ALLOCATION,HEURISTIC_RISK_AWARE
CARGO-004,PANA-001,Panamax,Newcastle_Australia,Paradip,75000.0,75000.0,100.0,16.67,1.0416666666666667,2026-12-10 12:33:00.000000002,2026-12-28 05:37:48.000000004,2026-11-26,32.23458333333333,False,28.88408462274225,30.89,32.694154693761234,2166306.3467056686,2316750.0,2452061.6020320924,533.44,248620.3808,2414926.7275056685,2565370.3808,2700681.9828320923,135311.6020320924,10671375.274844564,466.07,3,HIGH,100.0,False,55.588333333333196,DEADLINE_MISSED|HIGH_SCENARIO_FREIGHT_EXPOSURE|MULTI_VOYAGE_ALLOCATION,HEURISTIC_RISK_AWARE
CARGO-004,SUPRA-003,Supramax,Newcastle_Australia,Paradip,44000.0,44000.0,100.0,18.06,0.611111111111111,2026-12-14 05:54:23.999999990,2027-01-01 22:00:47.999999989,2026-11-26,36.917222222210654,False,33.84926718495531,36.2,38.314289411270856,1489367.7561380337,1592800.0000000002,1685828.7340959178,415.38,193596.1566,1682963.9127380336,1786396.1566000003,1879424.890695918,93028.73409591755,11048261.769086234,466.07,4,HIGH,100.0,False,55.588333333333196,DEADLINE_MISSED|HIGH_SCENARIO_FREIGHT_EXPOSURE|MULTI_VOYAGE_ALLOCATION,HEURISTIC_RISK_AWARE
CARGO-004,SUPRA-002,Supramax,Newcastle_Australia,Paradip,47000.0,47000.0,100.0,18.06,0.6527777777777778,2026-12-14 10:03:23.999999992,2027-01-02 03:09:47.999999993,2026-11-26,37.131805555543984,False,33.84926718495531,36.2,38.314289411270856,1590915.5576928996,1701400.0000000002,1800771.6023297303,433.43999999999994,202013.38079999996,1792928.9384928995,1903413.3808000002,2002784.9831297302,99371.60232973006,11221144.830501402,466.07,5,HIGH,100.0,False,55.588333333333196,DEADLINE_MISSED|HIGH_SCENARIO_FREIGHT_EXPOSURE|MULTI_VOYAGE_ALLOCATION,HEURISTIC_RISK_AWARE
CARGO-004,SUPRA-001,Supramax,Newcastle_Australia,Paradip,53000.0,53000.0,100.0,18.06,0.7361111111111112,2026-12-14 14:51:42.719999995,2027-01-02 09:58:06.719999994,2026-11-26,37.41535555554398,False,33.84926718495531,36.2,38.314289411270856,1794011.1608026314,1918600.0000000002,2030657.3387973553,469.55999999999995,218847.82919999998,2012858.9900026314,2137447.8292,2249505.167997355,112057.33879735507,11530506.78666507,466.07,6,HIGH,100.0,False,55.588333333333196,DEADLINE_MISSED|HIGH_SCENARIO_FREIGHT_EXPOSURE|MULTI_VOYAGE_ALLOCATION,HEURISTIC_RISK_AWARE
CARGO-004,PANA-003,Panamax,Newcastle_Australia,Paradip,62000.0,62000.0,100.0,16.67,0.8611111111111112,2026-12-26 16:55:03.599999992,2027-01-13 05:39:51.599999991,2026-11-26,48.236013888877316,False,28.88408462274225,30.89,32.694154693761234,1790813.2466100196,1915180.0,2027037.5910131966,483.43000000000006,225312.22010000004,2016125.4667100196,2140492.2201,2252349.8111131964,111857.59101319639,14238645.849173948,466.07,7,HIGH,100.0,False,55.588333333333196,DEADLINE_MISSED|HIGH_SCENARIO_FREIGHT_EXPOSURE|MULTI_VOYAGE_ALLOCATION,HEURISTIC_RISK_AWARE
CARGO-004,PANA-002,Panamax,Newcastle_Australia,Paradip,69000.0,69000.0,100.0,16.67,0.9583333333333334,2026-12-27 19:19:47.999999994,2027-01-14 10:24:35.999999991,2026-11-26,49.43374999998842,False,28.88408462274225,30.89,32.694154693761234,1993001.8389692153,2131410.0,2255896.673869525,500.1,233081.60700000002,2226083.445969215,2364491.607,2488978.280869525,124486.67386952508,14766499.44285144,466.07,8,HIGH,100.0,False,55.588333333333196,DEADLINE_MISSED|HIGH_SCENARIO_FREIGHT_EXPOSURE|MULTI_VOYAGE_ALLOCATION,HEURISTIC_RISK_AWARE
CARGO-004,PANA-001,Panamax,Newcastle_Australia,Paradip,75000.0,75000.0,100.0,16.67,1.0416666666666667,2026-12-28 05:37:48.000000004,2027-01-14 22:42:36.000000006,2026-11-26,49.94625,False,28.88408462274225,30.89,32.694154693761234,2166306.3467056686,2316750.0,2452061.6020320924,533.44,248620.3808,2414926.7275056685,2565370.3808,2700681.9828320923,135311.6020320924,15099291.941511232,466.07,9,HIGH,100.0,False,55.588333333333196,DEADLINE_MISSED|HIGH_SCENARIO_FREIGHT_EXPOSURE|MULTI_VOYAGE_ALLOCATION,HEURISTIC_RISK_AWARE
CARGO-004,SUPRA-003,Supramax,Newcastle_Australia,Paradip,44000.0,44000.0,100.0,18.06,0.611111111111111,2027-01-01 22:00:47.999999989,2027-01-20 14:07:11.999999988,2026-11-26,55.588333333321756,False,33.84926718495531,36.2,38.314289411270856,1489367.7561380337,1592800.0000000002,1685828.7340959178,415.38,193596.1566,1682963.9127380336,1786396.1566000003,1879424.890695918,93028.73409591755,15716039.54686401,466.07,10,HIGH,100.0,False,55.588333333333196,DEADLINE_MISSED|HIGH_SCENARIO_FREIGHT_EXPOSURE|MULTI_VOYAGE_ALLOCATION,HEURISTIC_RISK_AWARE
CARGO-004,SUPRA-002,Supramax,Newcastle_Australia,Paradip,28409.0,47000.0,60.44468085106382,18.06,0.3945694444444445,2027-01-02 03:09:47.999999993,2027-01-20 14:04:22.799999989,2026-11-26,55.58637499998842,False,33.84926718495531,36.2,38.314289411270856,961623.8314573953,1028405.8,1088470.6478847938,433.43999999999994,202013.38079999996,1163637.2122573953,1230419.1808,1290484.0286847937,60064.847884793766,15148035.627556782,466.07,11,HIGH,100.0,False,55.588333333333196,DEADLINE_MISSED|HIGH_SCENARIO_FREIGHT_EXPOSURE|MULTI_VOYAGE_ALLOCATION,HEURISTIC_RISK_AWARE
CARGO-005,SUPRA-001,Supramax,Newcastle_Australia,Visakhapatnam,53000.0,53000.0,100.0,17.71,0.8833333333333333,2027-01-02 09:58:06.719999994,2027-01-21 00:12:30.719999991,2026-11-26,56.00868888887732,False,34.01757845825067,36.38,38.50480245254237,1802931.6582872854,1928140.0000000002,2040754.5299847457,460.46000000000004,214606.5922,2017538.2504872854,2142746.5922000003,2255361.1221847455,112614.5299847452,16184333.899913993,466.07,1,MEDIUM,100.0,False,92.0893499999998,DEADLINE_MISSED|HIGH_SCENARIO_FREIGHT_EXPOSURE|MULTI_VOYAGE_ALLOCATION,HEURISTIC_RISK_AWARE
CARGO-005,PANA-003,Panamax,Newcastle_Australia,Visakhapatnam,62000.0,62000.0,100.0,16.35,1.0333333333333334,2027-01-13 05:39:51.599999991,2027-01-30 14:51:51.599999988,2026-11-26,65.61934722221065,False,31.100183054464463,33.26,35.20257640383615,1928211.3493767967,2062119.9999999998,2182559.737037841,474.15000000000003,220987.09050000002,2149198.4398767967,2283107.0905,2403546.827537841,120439.73703784123,18730097.804015905,466.07,2,MEDIUM,100.0,False,92.0893499999998,DEADLINE_MISSED|HIGH_SCENARIO_FREIGHT_EXPOSURE|MULTI_VOYAGE_ALLOCATION,HEURISTIC_RISK_AWARE
CARGO-005,PANA-002,Panamax,Newcastle_Australia,Visakhapatnam,69000.0,69000.0,100.0,16.35,1.1500000000000001,2027-01-14 10:24:35.999999991,2027-01-31 22:24:35.999999991,2026-11-26,66.93374999998842,False,31.100183054464463,33.26,35.20257640383615,2145912.630758048,2294940.0,2428977.771864694,490.50000000000006,228607.33500000002,2374519.965758048,2523547.335,2657585.106864694,134037.77186469408,19303898.05514975,466.07,3,MEDIUM,100.0,False,92.0893499999998,DEADLINE_MISSED|HIGH_SCENARIO_FREIGHT_EXPOSURE|MULTI_VOYAGE_ALLOCATION,HEURISTIC_RISK_AWARE
CARGO-005,PANA-001,Panamax,Newcastle_Australia,Visakhapatnam,75000.0,75000.0,100.0,16.35,1.25,2027-01-14 22:42:36.000000006,2027-02-01 13:06:36.000000006,2026-11-26,67.54625,False,31.100183054464463,33.26,35.20257640383615,2332513.729084835,2494500.0,2640193.230287711,523.2,243847.82400000002,2576361.553084835,2738347.824,2884041.054287711,145693.23028771114,19675902.9546007,466.07,4,MEDIUM,100.0,False,92.0893499999998,DEADLINE_MISSED|HIGH_SCENARIO_FREIGHT_EXPOSURE|MULTI_VOYAGE_ALLOCATION,HEURISTIC_RISK_AWARE
CARGO-005,SUPRA-003,Supramax,Newcastle_Australia,Visakhapatnam,44000.0,44000.0,100.0,17.71,0.7333333333333334,2027-01-20 14:07:11.999999988,2027-02-08 00:45:35.999999985,2026-11-26,74.03166666665508,False,34.01757845825067,36.38,38.50480245254237,1496773.4521630295,1600720.0,1694211.3079118642,407.33000000000004,189844.2931,1686617.7452630294,1790564.2931,1884055.6010118644,93491.30791186448,20331202.91753292,466.07,5,MEDIUM,100.0,False,92.0893499999998,DEADLINE_MISSED|HIGH_SCENARIO_FREIGHT_EXPOSURE|MULTI_VOYAGE_ALLOCATION,HEURISTIC_RISK_AWARE
CARGO-005,SUPRA-002,Supramax,Newcastle_Australia,Visakhapatnam,47000.0,47000.0,100.0,17.71,0.7833333333333333,2027-01-20 14:04:22.799999989,2027-02-08 01:54:46.799999986,2026-11-26,74.07970833332176,False,34.01757845825067,36.38,38.50480245254237,1598826.1875377814,1709860.0000000002,1809725.7152694915,425.04,198098.3928,1796924.5803377815,1907958.3928000003,2007824.1080694916,99865.71526949131,20462838.476474762,466.07,6,MEDIUM,100.0,False,92.0893499999998,DEADLINE_MISSED|HIGH_SCENARIO_FREIGHT_EXPOSURE|MULTI_VOYAGE_ALLOCATION,HEURISTIC_RISK_AWARE
CARGO-005,SUPRA-001,Supramax,Newcastle_Australia,Visakhapatnam,53000.0,53000.0,100.0,17.71,0.8833333333333333,2027-01-21 00:12:30.719999991,2027-02-08 14:26:54.719999988,2026-11-26,74.60202222221065,False,34.01757845825067,36.38,38.50480245254237,1802931.6582872854,1928140.0000000002,2040754.5299847457,460.46000000000004,214606.5922,2017538.2504872854,2142746.5922000003,2255361.1221847455,112614.5299847452,20832667.23324732,466.07,7,MEDIUM,100.0,False,92.0893499999998,DEADLINE_MISSED|HIGH_SCENARIO_FREIGHT_EXPOSURE|MULTI_VOYAGE_ALLOCATION,HEURISTIC_RISK_AWARE
CARGO-005,PANA-003,Panamax,Newcastle_Australia,Visakhapatnam,62000.0,62000.0,100.0,16.35,1.0333333333333334,2027-01-30 14:51:51.599999988,2027-02-17 00:03:51.599999985,2026-11-26,83.00268055554399,False,31.100183054464463,33.26,35.20257640383615,1928211.3493767967,2062119.9999999998,2182559.737037841,474.15000000000003,220987.09050000002,2149198.4398767967,2283107.0905,2403546.827537841,120439.73703784123,23075931.13734924,466.07,8,MEDIUM,100.0,False,92.0893499999998,DEADLINE_MISSED|HIGH_SCENARIO_FREIGHT_EXPOSURE|MULTI_VOYAGE_ALLOCATION,HEURISTIC_RISK_AWARE
CARGO-005,PANA-002,Panamax,Newcastle_Australia,Visakhapatnam,69000.0,69000.0,100.0,16.35,1.1500000000000001,2027-01-31 22:24:35.999999991,2027-02-18 10:24:35.999999991,2026-11-26,84.43374999998842,False,31.100183054464463,33.26,35.20257640383615,2145912.630758048,2294940.0,2428977.771864694,490.50000000000006,228607.33500000002,2374519.965758048,2523547.335,2657585.106864694,134037.77186469408,23678898.05514975,466.07,9,MEDIUM,100.0,False,92.0893499999998,DEADLINE_MISSED|HIGH_SCENARIO_FREIGHT_EXPOSURE|MULTI_VOYAGE_ALLOCATION,HEURISTIC_RISK_AWARE
CARGO-005,PANA-001,Panamax,Newcastle_Australia,Visakhapatnam,75000.0,75000.0,100.0,16.35,1.25,2027-02-01 13:06:36.000000006,2027-02-19 03:30:36.000000006,2026-11-26,85.14625,False,31.100183054464463,33.26,35.20257640383615,2332513.729084835,2494500.0,2640193.230287711,523.2,243847.82400000002,2576361.553084835,2738347.824,2884041.054287711,145693.23028771114,24075902.9546007,466.07,10,MEDIUM,100.0,False,92.0893499999998,DEADLINE_MISSED|HIGH_SCENARIO_FREIGHT_EXPOSURE|MULTI_VOYAGE_ALLOCATION,HEURISTIC_RISK_AWARE
CARGO-005,SUPRA-003,Supramax,Newcastle_Australia,Visakhapatnam,20861.0,44000.0,47.41136363636363,17.71,0.34768333333333334,2027-02-08 00:45:35.999999985,2027-02-26 02:08:39.839999982,2026-11-26,92.08934999998843,False,34.01757845825067,36.38,38.50480245254237,709640.7042175672,758923.18,803248.6839624865,407.33000000000004,189844.2931,899484.9973175672,948767.4731000001,993092.9770624865,44325.5039624864,23986618.899483975,466.07,11,MEDIUM,100.0,False,92.0893499999998,DEADLINE_MISSED|HIGH_SCENARIO_FREIGHT_EXPOSURE|MULTI_VOYAGE_ALLOCATION,HEURISTIC_RISK_AWARE
CARGO-006,CAPE-003,Capesize,Newcastle_Australia,Dhamra,145000.0,145000.0,100.0,15.62,1.5104166666666667,2026-11-04 06:15:36.000000004,2026-11-21 09:23:24.000000006,2026-11-26,0.0,True,33.363034617657604,35.68,37.76391840315315,4837640.019560353,5173600.0,5475768.168457206,749.76,349440.6432,5187080.662760353,5523040.6432,5825208.811657206,302168.16845720634,5628799.502160022,466.07,1,MEDIUM,100.0,False,29.652083333333447,DEADLINE_MISSED|HIGH_SCENARIO_FREIGHT_EXPOSURE|MULTI_VOYAGE_ALLOCATION,HEURISTIC_RISK_AWARE
CARGO-006,CAPE-002,Capesize,Newcastle_Australia,Dhamra,163000.0,163000.0,100.0,15.62,1.6979166666666667,2026-11-04 04:31:32.700000002,2026-11-21 12:09:20.700000004,2026-11-26,0.0,True,33.363034617657604,35.68,37.76391840315315,5438174.642678189,5815840.0,6155518.699713963,812.24,378560.6968,5816735.339478189,6194400.6968,6534079.396513963,339678.6997139631,6313288.241699887,466.07,2,MEDIUM,100.0,False,29.652083333333447,DEADLINE_MISSED|HIGH_SCENARIO_FREIGHT_EXPOSURE|MULTI_VOYAGE_ALLOCATION,HEURISTIC_RISK_AWARE
CARGO-006,CAPE-003,Capesize,Newcastle_Australia,Dhamra,145000.0,145000.0,100.0,15.62,1.5104166666666667,2026-11-21 09:23:24.000000006,2026-12-08 12:31:12.000000008,2026-11-26,12.521666666666667,False,33.363034617657604,35.68,37.76391840315315,4837640.019560353,5173600.0,5475768.168457206,749.76,349440.6432,5187080.662760353,5523040.6432,5825208.811657206,302168.16845720634,8759216.168826688,466.07,3,MEDIUM,100.0,False,29.652083333333447,DEADLINE_MISSED|HIGH_SCENARIO_FREIGHT_EXPOSURE|MULTI_VOYAGE_ALLOCATION,HEURISTIC_RISK_AWARE
CARGO-006,CAPE-002,Capesize,Newcastle_Australia,Dhamra,163000.0,163000.0,100.0,15.62,1.6979166666666667,2026-11-21 12:09:20.700000004,2026-12-08 19:47:08.700000006,2026-11-26,12.82440625,False,33.363034617657604,35.68,37.76391840315315,5438174.642678189,5815840.0,6155518.699713963,812.24,378560.6968,5816735.339478189,6194400.6968,6534079.396513963,339678.6997139631,9519389.804199887,466.07,4,MEDIUM,100.0,False,29.652083333333447,DEADLINE_MISSED|HIGH_SCENARIO_FREIGHT_EXPOSURE|MULTI_VOYAGE_ALLOCATION,HEURISTIC_RISK_AWARE
CARGO-006,CAPE-003,Capesize,Newcastle_Australia,Dhamra,145000.0,145000.0,100.0,15.62,1.5104166666666667,2026-12-08 12:31:12.000000008,2026-12-25 15:39:00.000000010,2026-11-26,29.652083333333334,False,33.363034617657604,35.68,37.76391840315315,4837640.019560353,5173600.0,5475768.168457206,749.76,349440.6432,5187080.662760353,5523040.6432,5825208.811657206,302168.16845720634,13041820.335493356,466.07,5,MEDIUM,100.0,False,29.652083333333447,DEADLINE_MISSED|HIGH_SCENARIO_FREIGHT_EXPOSURE|MULTI_VOYAGE_ALLOCATION,HEURISTIC_RISK_AWARE
CARGO-006,CAPE-002,Capesize,Newcastle_Australia,Dhamra,58434.0,163000.0,35.84907975460123,15.62,0.6086874999999999,2026-12-08 19:47:08.700000006,2026-12-25 01:16:27.300000006,2026-11-26,29.05309375,False,33.363034617657604,35.68,37.76391840315315,1949535.5648482044,2084925.1199999999,2206696.807969851,812.24,378560.6968,2328096.261648204,2463485.8167999997,2585257.504769851,121771.68796985131,9769379.345089447,466.07,6,MEDIUM,100.0,False,29.652083333333447,DEADLINE_MISSED|HIGH_SCENARIO_FREIGHT_EXPOSURE|MULTI_VOYAGE_ALLOCATION,HEURISTIC_RISK_AWARE
CARGO-007,SUPRA-002,Supramax,Newcastle_Australia,Paradip,47000.0,47000.0,100.0,18.06,0.6527777777777778,2027-02-08 01:54:46.799999986,2027-02-26 19:01:10.799999987,2026-12-26,62.792486111099535,False,33.84926718495531,36.2,38.314289411270856,1590915.5576928996,1701400.0000000002,1800771.6023297303,433.43999999999994,202013.38079999996,1792928.9384928995,1903413.3808000002,2002784.9831297302,99371.60232973006,17636314.969390288,466.07,1,HIGH,100.0,False,100.43520277777758,DEADLINE_MISSED|HIGH_SCENARIO_FREIGHT_EXPOSURE|MULTI_VOYAGE_ALLOCATION,HEURISTIC_RISK_AWARE
CARGO-007,SUPRA-001,Supramax,Newcastle_Australia,Paradip,53000.0,53000.0,100.0,18.06,0.7361111111111112,2027-02-08 14:26:54.719999988,2027-02-27 09:33:18.719999987,2026-12-26,63.398133333321766,False,33.84926718495531,36.2,38.314289411270856,1794011.1608026314,1918600.0000000002,2030657.3387973553,469.55999999999995,218847.82919999998,2012858.9900026314,2137447.8292,2249505.167997355,112057.33879735507,18026201.231109515,466.07,2,HIGH,100.0,False,100.43520277777758,DEADLINE_MISSED|HIGH_SCENARIO_FREIGHT_EXPOSURE|MULTI_VOYAGE_ALLOCATION,HEURISTIC_RISK_AWARE
CARGO-007,PANA-003,Panamax,Newcastle_Australia,Paradip,62000.0,62000.0,100.0,16.67,0.8611111111111112,2027-02-17 00:03:51.599999985,2027-03-06 12:48:39.599999984,2026-12-26,70.53379166665509,False,28.88408462274225,30.89,32.694154693761234,1790813.2466100196,1915180.0,2027037.5910131966,483.43000000000006,225312.22010000004,2016125.4667100196,2140492.2201,2252349.8111131964,111857.59101319639,19813090.293618392,466.07,3,HIGH,100.0,False,100.43520277777758,DEADLINE_MISSED|HIGH_SCENARIO_FREIGHT_EXPOSURE|MULTI_VOYAGE_ALLOCATION,HEURISTIC_RISK_AWARE
CARGO-007,PANA-002,Panamax,Newcastle_Australia,Paradip,69000.0,69000.0,100.0,16.67,0.9583333333333334,2027-02-18 10:24:35.999999991,2027-03-08 01:29:23.999999988,2026-12-26,72.06208333332175,False,28.88408462274225,30.89,32.694154693761234,1993001.8389692153,2131410.0,2255896.673869525,500.1,233081.60700000002,2226083.445969215,2364491.607,2488978.280869525,124486.67386952508,20423582.77618477,466.07,4,HIGH,100.0,False,100.43520277777758,DEADLINE_MISSED|HIGH_SCENARIO_FREIGHT_EXPOSURE|MULTI_VOYAGE_ALLOCATION,HEURISTIC_RISK_AWARE
CARGO-007,PANA-001,Panamax,Newcastle_Australia,Paradip,75000.0,75000.0,100.0,16.67,1.0416666666666667,2027-02-19 03:30:36.000000006,2027-03-08 20:35:24.000000008,2026-12-26,72.85791666666667,False,28.88408462274225,30.89,32.694154693761234,2166306.3467056686,2316750.0,2452061.6020320924,533.44,248620.3808,2414926.7275056685,2565370.3808,2700681.9828320923,135311.6020320924,20827208.6081779,466.07,5,HIGH,100.0,False,100.43520277777758,DEADLINE_MISSED|HIGH_SCENARIO_FREIGHT_EXPOSURE|MULTI_VOYAGE_ALLOCATION,HEURISTIC_RISK_AWARE
CARGO-007,SUPRA-003,Supramax,Newcastle_Australia,Paradip,44000.0,44000.0,100.0,18.06,0.611111111111111,2027-02-26 02:08:39.839999982,2027-03-16 18:15:03.839999981,2026-12-26,80.76046111109953,False,33.84926718495531,36.2,38.314289411270856,1489367.7561380337,1592800.0000000002,1685828.7340959178,415.38,193596.1566,1682963.9127380336,1786396.1566000003,1879424.890695918,93028.73409591755,22009071.491308454,466.07,6,HIGH,100.0,False,100.43520277777758,DEADLINE_MISSED|HIGH_SCENARIO_FREIGHT_EXPOSURE|MULTI_VOYAGE_ALLOCATION,HEURISTIC_RISK_AWARE
CARGO-007,SUPRA-002,Supramax,Newcastle_Australia,Paradip,47000.0,47000.0,100.0,18.06,0.6527777777777778,2027-02-26 19:01:10.799999987,2027-03-17 12:07:34.799999988,2026-12-26,81.50526388887731,False,33.84926718495531,36.2,38.314289411270856,1590915.5576928996,1701400.0000000002,1800771.6023297303,433.43999999999994,202013.38079999996,1792928.9384928995,1903413.3808000002,2002784.9831297302,99371.60232973006,22314509.413834732,466.07,7,HIGH,100.0,False,100.43520277777758,DEADLINE_MISSED|HIGH_SCENARIO_FREIGHT_EXPOSURE|MULTI_VOYAGE_ALLOCATION,HEURISTIC_RISK_AWARE
CARGO-007,SUPRA-001,Supramax,Newcastle_Australia,Paradip,53000.0,53000.0,100.0,18.06,0.7361111111111112,2027-02-27 09:33:18.719999987,2027-03-18 04:39:42.719999986,2026-12-26,82.19424444443287,False,33.84926718495531,36.2,38.314289411270856,1794011.1608026314,1918600.0000000002,2030657.3387973553,469.55999999999995,218847.82919999998,2012858.9900026314,2137447.8292,2249505.167997355,112057.33879735507,22725229.00888729,466.07,8,HIGH,100.0,False,100.43520277777758,DEADLINE_MISSED|HIGH_SCENARIO_FREIGHT_EXPOSURE|MULTI_VOYAGE_ALLOCATION,HEURISTIC_RISK_AWARE
CARGO-007,PANA-003,Panamax,Newcastle_Australia,Paradip,62000.0,62000.0,100.0,16.67,0.8611111111111112,2027-03-06 12:48:39.599999984,2027-03-24 01:33:27.599999983,2026-12-26,88.0649027777662,False,28.88408462274225,30.89,32.694154693761234,1790813.2466100196,1915180.0,2027037.5910131966,483.43000000000006,225312.22010000004,2016125.4667100196,2140492.2201,2252349.8111131964,111857.59101319639,24195868.071396172,466.07,9,HIGH,100.0,False,100.43520277777758,DEADLINE_MISSED|HIGH_SCENARIO_FREIGHT_EXPOSURE|MULTI_VOYAGE_ALLOCATION,HEURISTIC_RISK_AWARE
CARGO-007,PANA-002,Panamax,Newcastle_Australia,Paradip,69000.0,69000.0,100.0,16.67,0.9583333333333334,2027-03-08 01:29:23.999999988,2027-03-25 16:34:11.999999985,2026-12-26,89.6904166666551,False,28.88408462274225,30.89,32.694154693761234,1993001.8389692153,2131410.0,2255896.673869525,500.1,233081.60700000002,2226083.445969215,2364491.607,2488978.280869525,124486.67386952508,24830666.109518107,466.07,10,HIGH,100.0,False,100.43520277777758,DEADLINE_MISSED|HIGH_SCENARIO_FREIGHT_EXPOSURE|MULTI_VOYAGE_ALLOCATION,HEURISTIC_RISK_AWARE
CARGO-007,PANA-001,Panamax,Newcastle_Australia,Paradip,75000.0,75000.0,100.0,16.67,1.0416666666666667,2027-03-08 20:35:24.000000008,2027-03-26 13:40:12.000000010,2026-12-26,90.56958333333333,False,28.88408462274225,30.89,32.694154693761234,2166306.3467056686,2316750.0,2452061.6020320924,533.44,248620.3808,2414926.7275056685,2565370.3808,2700681.9828320923,135311.6020320924,25255125.274844564,466.07,11,HIGH,100.0,False,100.43520277777758,DEADLINE_MISSED|HIGH_SCENARIO_FREIGHT_EXPOSURE|MULTI_VOYAGE_ALLOCATION,HEURISTIC_RISK_AWARE
CARGO-007,SUPRA-003,Supramax,Newcastle_Australia,Paradip,44000.0,44000.0,100.0,18.06,0.611111111111111,2027-03-16 18:15:03.839999981,2027-04-04 10:21:27.839999980,2026-12-26,99.43157222221065,False,33.84926718495531,36.2,38.314289411270856,1489367.7561380337,1592800.0000000002,1685828.7340959178,415.38,193596.1566,1682963.9127380336,1786396.1566000003,1879424.890695918,93028.73409591755,26676849.269086234,466.07,12,HIGH,100.0,False,100.43520277777758,DEADLINE_MISSED|HIGH_SCENARIO_FREIGHT_EXPOSURE|MULTI_VOYAGE_ALLOCATION,HEURISTIC_RISK_AWARE
CARGO-007,SUPRA-002,Supramax,Newcastle_Australia,Paradip,47000.0,47000.0,100.0,18.06,0.6527777777777778,2027-03-17 12:07:34.799999988,2027-04-05 05:13:58.799999989,2026-12-26,100.2180416666551,False,33.84926718495531,36.2,38.314289411270856,1590915.5576928996,1701400.0000000002,1800771.6023297303,433.43999999999994,202013.38079999996,1792928.9384928995,1903413.3808000002,2002784.9831297302,99371.60232973006,26992703.85827918,466.07,13,HIGH,100.0,False,100.43520277777758,DEADLINE_MISSED|HIGH_SCENARIO_FREIGHT_EXPOSURE|MULTI_VOYAGE_ALLOCATION,HEURISTIC_RISK_AWARE
CARGO-007,SUPRA-001,Supramax,Newcastle_Australia,Paradip,13029.0,53000.0,24.583018867924526,18.06,0.18095833333333333,2027-03-18 04:39:42.719999986,2027-04-05 10:26:41.519999983,2026-12-26,100.4352027777662,False,33.84926718495531,36.2,38.314289411270856,441022.1021527827,471649.80000000005,499196.876739448,469.55999999999995,218847.82919999998,659869.9313527828,690497.6292000001,718044.705939448,27547.07673944789,25808939.800500356,466.07,14,HIGH,100.0,False,100.43520277777758,DEADLINE_MISSED|HIGH_SCENARIO_FREIGHT_EXPOSURE|MULTI_VOYAGE_ALLOCATION,HEURISTIC_RISK_AWARE
CARGO-008,PANA-003,Panamax,Newcastle_Australia,Visakhapatnam,62000.0,62000.0,100.0,16.35,1.0333333333333334,2027-03-24 01:33:27.599999983,2027-04-10 10:45:27.599999980,2026-12-26,105.44823611109953,False,31.100183054464463,33.26,35.20257640383615,1928211.3493767967,2062119.9999999998,2182559.737037841,474.15000000000003,220987.09050000002,2149198.4398767967,2283107.0905,2403546.827537841,120439.73703784123,28687320.026238125,466.07,1,MEDIUM,100.0,False,137.14735833333316,DEADLINE_MISSED|HIGH_SCENARIO_FREIGHT_EXPOSURE|MULTI_VOYAGE_ALLOCATION,HEURISTIC_RISK_AWARE
CARGO-008,PANA-002,Panamax,Newcastle_Australia,Visakhapatnam,69000.0,69000.0,100.0,16.35,1.1500000000000001,2027-03-25 16:34:11.999999985,2027-04-12 04:34:11.999999985,2026-12-26,107.1904166666551,False,31.100183054464463,33.26,35.20257640383615,2145912.630758048,2294940.0,2428977.771864694,490.50000000000006,228607.33500000002,2374519.965758048,2523547.335,2657585.106864694,134037.77186469408,29368064.721816417,466.07,2,MEDIUM,100.0,False,137.14735833333316,DEADLINE_MISSED|HIGH_SCENARIO_FREIGHT_EXPOSURE|MULTI_VOYAGE_ALLOCATION,HEURISTIC_RISK_AWARE
CARGO-008,PANA-001,Panamax,Newcastle_Australia,Visakhapatnam,75000.0,75000.0,100.0,16.35,1.25,2027-03-26 13:40:12.000000010,2027-04-13 04:04:12.000000010,2026-12-26,108.16958333333334,False,31.100183054464463,33.26,35.20257640383615,2332513.729084835,2494500.0,2640193.230287711,523.2,243847.82400000002,2576361.553084835,2738347.824,2884041.054287711,145693.23028771114,29831736.28793403,466.07,3,MEDIUM,100.0,False,137.14735833333316,DEADLINE_MISSED|HIGH_SCENARIO_FREIGHT_EXPOSURE|MULTI_VOYAGE_ALLOCATION,HEURISTIC_RISK_AWARE
CARGO-008,SUPRA-003,Supramax,Newcastle_Australia,Visakhapatnam,44000.0,44000.0,100.0,17.71,0.7333333333333334,2027-04-04 10:21:27.839999980,2027-04-22 20:59:51.839999977,2026-12-26,117.87490555554398,False,34.01757845825067,36.38,38.50480245254237,1496773.4521630295,1600720.0,1694211.3079118642,407.33000000000004,189844.2931,1686617.7452630294,1790564.2931,1884055.6010118644,93491.30791186448,31292012.639755145,466.07,4,MEDIUM,100.0,False,137.14735833333316,DEADLINE_MISSED|HIGH_SCENARIO_FREIGHT_EXPOSURE|MULTI_VOYAGE_ALLOCATION,HEURISTIC_RISK_AWARE
CARGO-008,SUPRA-002,Supramax,Newcastle_Australia,Visakhapatnam,47000.0,47000.0,100.0,17.71,0.7833333333333333,2027-04-05 05:13:58.799999989,2027-04-23 17:04:22.799999986,2026-12-26,118.71137499998844,False,34.01757845825067,36.38,38.50480245254237,1598826.1875377814,1709860.0000000002,1809725.7152694915,425.04,198098.3928,1796924.5803377815,1907958.3928000003,2007824.1080694916,99865.71526949131,31620755.14314143,466.07,5,MEDIUM,100.0,False,137.14735833333316,DEADLINE_MISSED|HIGH_SCENARIO_FREIGHT_EXPOSURE|MULTI_VOYAGE_ALLOCATION,HEURISTIC_RISK_AWARE
CARGO-008,SUPRA-001,Supramax,Newcastle_Australia,Visakhapatnam,53000.0,53000.0,100.0,17.71,0.8833333333333333,2027-04-05 10:26:41.519999983,2027-04-24 00:41:05.519999980,2026-12-26,119.02853611109953,False,34.01757845825067,36.38,38.50480245254237,1802931.6582872854,1928140.0000000002,2040754.5299847457,460.46000000000004,214606.5922,2017538.2504872854,2142746.5922000003,2255361.1221847455,112614.5299847452,31939295.70546954,466.07,6,MEDIUM,100.0,False,137.14735833333316,DEADLINE_MISSED|HIGH_SCENARIO_FREIGHT_EXPOSURE|MULTI_VOYAGE_ALLOCATION,HEURISTIC_RISK_AWARE
CARGO-008,PANA-003,Panamax,Newcastle_Australia,Visakhapatnam,62000.0,62000.0,100.0,16.35,1.0333333333333334,2027-04-10 10:45:27.599999980,2027-04-27 19:57:27.599999977,2026-12-26,122.83156944443286,False,31.100183054464463,33.26,35.20257640383615,1928211.3493767967,2062119.9999999998,2182559.737037841,474.15000000000003,220987.09050000002,2149198.4398767967,2283107.0905,2403546.827537841,120439.73703784123,33033153.359571457,466.07,7,MEDIUM,100.0,False,137.14735833333316,DEADLINE_MISSED|HIGH_SCENARIO_FREIGHT_EXPOSURE|MULTI_VOYAGE_ALLOCATION,HEURISTIC_RISK_AWARE
CARGO-008,PANA-002,Panamax,Newcastle_Australia,Visakhapatnam,69000.0,69000.0,100.0,16.35,1.1500000000000001,2027-04-12 04:34:11.999999985,2027-04-29 16:34:11.999999985,2026-12-26,124.6904166666551,False,31.100183054464463,33.26,35.20257640383615,2145912.630758048,2294940.0,2428977.771864694,490.50000000000006,228607.33500000002,2374519.965758048,2523547.335,2657585.106864694,134037.77186469408,33743064.72181641,466.07,8,MEDIUM,100.0,False,137.14735833333316,DEADLINE_MISSED|HIGH_SCENARIO_FREIGHT_EXPOSURE|MULTI_VOYAGE_ALLOCATION,HEURISTIC_RISK_AWARE
CARGO-008,PANA-001,Panamax,Newcastle_Australia,Visakhapatnam,75000.0,75000.0,100.0,16.35,1.25,2027-04-13 04:04:12.000000010,2027-04-30 18:28:12.000000010,2026-12-26,125.76958333333333,False,31.100183054464463,33.26,35.20257640383615,2332513.729084835,2494500.0,2640193.230287711,523.2,243847.82400000002,2576361.553084835,2738347.824,2884041.054287711,145693.23028771114,34231736.28793403,466.07,9,MEDIUM,100.0,False,137.14735833333316,DEADLINE_MISSED|HIGH_SCENARIO_FREIGHT_EXPOSURE|MULTI_VOYAGE_ALLOCATION,HEURISTIC_RISK_AWARE
CARGO-008,SUPRA-003,Supramax,Newcastle_Australia,Visakhapatnam,44000.0,44000.0,100.0,17.71,0.7333333333333334,2027-04-22 20:59:51.839999977,2027-05-11 07:38:15.839999974,2026-12-26,136.31823888887732,False,34.01757845825067,36.38,38.50480245254237,1496773.4521630295,1600720.0,1694211.3079118642,407.33000000000004,189844.2931,1686617.7452630294,1790564.2931,1884055.6010118644,93491.30791186448,35902845.97308849,466.07,10,MEDIUM,100.0,False,137.14735833333316,DEADLINE_MISSED|HIGH_SCENARIO_FREIGHT_EXPOSURE|MULTI_VOYAGE_ALLOCATION,HEURISTIC_RISK_AWARE
CARGO-008,SUPRA-002,Supramax,Newcastle_Australia,Visakhapatnam,43559.0,47000.0,92.67872340425531,17.71,0.7259833333333333,2027-04-23 17:04:22.799999986,2027-05-12 03:32:11.759999983,2026-12-26,137.14735833332176,False,34.01757845825067,36.38,38.50480245254237,1481771.7000629408,1584676.4200000002,1677230.690030293,425.04,198098.3928,1679870.0928629409,1782774.8128000002,1875329.082830293,92554.27003029292,36102008.39064104,466.07,11,MEDIUM,100.0,False,137.14735833333316,DEADLINE_MISSED|HIGH_SCENARIO_FREIGHT_EXPOSURE|MULTI_VOYAGE_ALLOCATION,HEURISTIC_RISK_AWARE
CARGO-009,CAPE-003,Capesize,Newcastle_Australia,Dhamra,145000.0,145000.0,100.0,15.62,1.5104166666666667,2026-12-25 15:39:00.000000010,2027-01-11 18:46:48.000000012,2026-12-26,16.7825,False,33.363034617657604,35.68,37.76391840315315,4837640.019560353,5173600.0,5475768.168457206,749.76,349440.6432,5187080.662760353,5523040.6432,5825208.811657206,302168.16845720634,9824424.502160022,466.07,1,MEDIUM,100.0,False,51.043333333333514,DEADLINE_MISSED|HIGH_SCENARIO_FREIGHT_EXPOSURE|MULTI_VOYAGE_ALLOCATION,HEURISTIC_RISK_AWARE
CARGO-009,CAPE-002,Capesize,Newcastle_Australia,Dhamra,163000.0,163000.0,100.0,15.62,1.6979166666666667,2026-12-25 01:16:27.300000006,2027-01-11 08:54:15.300000008,2026-12-26,16.371010416666667,False,33.363034617657604,35.68,37.76391840315315,5438174.642678189,5815840.0,6155518.699713963,812.24,378560.6968,5816735.339478189,6194400.6968,6534079.396513963,339678.6997139631,10406040.845866553,466.07,2,MEDIUM,100.0,False,51.043333333333514,DEADLINE_MISSED|HIGH_SCENARIO_FREIGHT_EXPOSURE|MULTI_VOYAGE_ALLOCATION,HEURISTIC_RISK_AWARE
CARGO-009,CAPE-003,Capesize,Newcastle_Australia,Dhamra,145000.0,145000.0,100.0,15.62,1.5104166666666667,2027-01-11 18:46:48.000000012,2027-01-28 21:54:36.000000014,2026-12-26,33.91291666666667,False,33.363034617657604,35.68,37.76391840315315,4837640.019560353,5173600.0,5475768.168457206,749.76,349440.6432,5187080.662760353,5523040.6432,5825208.811657206,302168.16845720634,14107028.668826688,466.07,3,MEDIUM,100.0,False,51.043333333333514,DEADLINE_MISSED|HIGH_SCENARIO_FREIGHT_EXPOSURE|MULTI_VOYAGE_ALLOCATION,HEURISTIC_RISK_AWARE
CARGO-009,CAPE-002,Capesize,Newcastle_Australia,Dhamra,163000.0,163000.0,100.0,15.62,1.6979166666666667,2027-01-11 08:54:15.300000008,2027-01-28 16:32:03.300000010,2026-12-26,33.68892708333333,False,33.363034617657604,35.68,37.76391840315315,5438174.642678189,5815840.0,6155518.699713963,812.24,378560.6968,5816735.339478189,6194400.6968,6534079.396513963,339678.6997139631,14735520.012533221,466.07,4,MEDIUM,100.0,False,51.043333333333514,DEADLINE_MISSED|HIGH_SCENARIO_FREIGHT_EXPOSURE|MULTI_VOYAGE_ALLOCATION,HEURISTIC_RISK_AWARE
CARGO-009,CAPE-003,Capesize,Newcastle_Australia,Dhamra,145000.0,145000.0,100.0,15.62,1.5104166666666667,2027-01-28 21:54:36.000000014,2027-02-15 01:02:24.000000016,2026-12-26,51.04333333333334,False,33.363034617657604,35.68,37.76391840315315,4837640.019560353,5173600.0,5475768.168457206,749.76,349440.6432,5187080.662760353,5523040.6432,5825208.811657206,302168.16845720634,18389632.835493356,466.07,5,MEDIUM,100.0,False,51.043333333333514,DEADLINE_MISSED|HIGH_SCENARIO_FREIGHT_EXPOSURE|MULTI_VOYAGE_ALLOCATION,HEURISTIC_RISK_AWARE
CARGO-009,CAPE-002,Capesize,Newcastle_Australia,Dhamra,18275.0,163000.0,11.211656441717793,15.62,0.1903645833333333,2027-01-28 16:32:03.300000010,2027-02-13 11:58:58.800000007,2026-12-26,49.499291666666664,False,33.363034617657604,35.68,37.76391840315315,609709.4576376927,652052.0,690135.6088176238,812.24,378560.6968,988270.1544376926,1030612.6968,1068696.3056176237,38083.608817623695,13418764.876552835,466.07,6,MEDIUM,100.0,False,51.043333333333514,DEADLINE_MISSED|HIGH_SCENARIO_FREIGHT_EXPOSURE|MULTI_VOYAGE_ALLOCATION,HEURISTIC_RISK_AWARE
CARGO-010,SUPRA-001,Supramax,Newcastle_Australia,Paradip,53000.0,53000.0,100.0,18.06,0.7361111111111112,2027-04-24 00:41:05.519999980,2027-05-12 19:47:29.519999979,2027-01-26,106.82464722221064,False,33.84926718495531,36.2,38.314289411270856,1794011.1608026314,1918600.0000000002,2030657.3387973553,469.55999999999995,218847.82919999998,2012858.9900026314,2137447.8292,2249505.167997355,112057.33879735507,28882829.703331735,466.07,1,HIGH,100.0,False,146.3770833333331,DEADLINE_MISSED|HIGH_SCENARIO_FREIGHT_EXPOSURE|MULTI_VOYAGE_ALLOCATION,HEURISTIC_RISK_AWARE
CARGO-010,PANA-003,Panamax,Newcastle_Australia,Paradip,62000.0,62000.0,100.0,16.67,0.8611111111111112,2027-04-27 19:57:27.599999977,2027-05-15 08:42:15.599999976,2027-01-26,109.36268055554397,False,28.88408462274225,30.89,32.694154693761234,1790813.2466100196,1915180.0,2027037.5910131966,483.43000000000006,225312.22010000004,2016125.4667100196,2140492.2201,2252349.8111131964,111857.59101319639,29520312.515840612,466.07,2,HIGH,100.0,False,146.3770833333331,DEADLINE_MISSED|HIGH_SCENARIO_FREIGHT_EXPOSURE|MULTI_VOYAGE_ALLOCATION,HEURISTIC_RISK_AWARE
CARGO-010,PANA-002,Panamax,Newcastle_Australia,Paradip,69000.0,69000.0,100.0,16.67,0.9583333333333334,2027-04-29 16:34:11.999999985,2027-05-17 07:38:59.999999982,2027-01-26,111.31874999998843,False,28.88408462274225,30.89,32.694154693761234,1993001.8389692153,2131410.0,2255896.673869525,500.1,233081.60700000002,2226083.445969215,2364491.607,2488978.280869525,124486.67386952508,30237749.44285144,466.07,3,HIGH,100.0,False,146.3770833333331,DEADLINE_MISSED|HIGH_SCENARIO_FREIGHT_EXPOSURE|MULTI_VOYAGE_ALLOCATION,HEURISTIC_RISK_AWARE
CARGO-010,PANA-001,Panamax,Newcastle_Australia,Paradip,75000.0,75000.0,100.0,16.67,1.0416666666666667,2027-04-30 18:28:12.000000010,2027-05-18 11:33:00.000000012,2027-01-26,112.48125,False,28.88408462274225,30.89,32.694154693761234,2166306.3467056686,2316750.0,2452061.6020320924,533.44,248620.3808,2414926.7275056685,2565370.3808,2700681.9828320923,135311.6020320924,30733041.941511232,466.07,4,HIGH,100.0,False,146.3770833333331,DEADLINE_MISSED|HIGH_SCENARIO_FREIGHT_EXPOSURE|MULTI_VOYAGE_ALLOCATION,HEURISTIC_RISK_AWARE
CARGO-010,SUPRA-003,Supramax,Newcastle_Australia,Paradip,44000.0,44000.0,100.0,18.06,0.611111111111111,2027-05-11 07:38:15.839999974,2027-05-29 23:44:39.839999973,2027-01-26,123.98934999998842,False,33.84926718495531,36.2,38.314289411270856,1489367.7561380337,1592800.0000000002,1685828.7340959178,415.38,193596.1566,1682963.9127380336,1786396.1566000003,1879424.890695918,93028.73409591755,32816293.71353068,466.07,5,HIGH,100.0,False,146.3770833333331,DEADLINE_MISSED|HIGH_SCENARIO_FREIGHT_EXPOSURE|MULTI_VOYAGE_ALLOCATION,HEURISTIC_RISK_AWARE
CARGO-010,SUPRA-002,Supramax,Newcastle_Australia,Paradip,47000.0,47000.0,100.0,18.06,0.6527777777777778,2027-05-12 03:32:11.759999983,2027-05-30 20:38:35.759999984,2027-01-26,124.86013611109954,False,33.84926718495531,36.2,38.314289411270856,1590915.5576928996,1701400.0000000002,1800771.6023297303,433.43999999999994,202013.38079999996,1792928.9384928995,1903413.3808000002,2002784.9831297302,99371.60232973006,33153227.46939029,466.07,6,HIGH,100.0,False,146.3770833333331,DEADLINE_MISSED|HIGH_SCENARIO_FREIGHT_EXPOSURE|MULTI_VOYAGE_ALLOCATION,HEURISTIC_RISK_AWARE
CARGO-010,SUPRA-001,Supramax,Newcastle_Australia,Paradip,53000.0,53000.0,100.0,18.06,0.7361111111111112,2027-05-12 19:47:29.519999979,2027-05-31 14:53:53.519999978,2027-01-26,125.62075833332175,False,33.84926718495531,36.2,38.314289411270856,1794011.1608026314,1918600.0000000002,2030657.3387973553,469.55999999999995,218847.82919999998,2012858.9900026314,2137447.8292,2249505.167997355,112057.33879735507,33581857.481109515,466.07,7,HIGH,100.0,False,146.3770833333331,DEADLINE_MISSED|HIGH_SCENARIO_FREIGHT_EXPOSURE|MULTI_VOYAGE_ALLOCATION,HEURISTIC_RISK_AWARE
CARGO-010,PANA-003,Panamax,Newcastle_Australia,Paradip,62000.0,62000.0,100.0,16.67,0.8611111111111112,2027-05-15 08:42:15.599999976,2027-06-01 21:27:03.599999975,2027-01-26,126.89379166665509,False,28.88408462274225,30.89,32.694154693761234,1790813.2466100196,1915180.0,2027037.5910131966,483.43000000000006,225312.22010000004,2016125.4667100196,2140492.2201,2252349.8111131964,111857.59101319639,33903090.293618396,466.07,8,HIGH,100.0,False,146.3770833333331,DEADLINE_MISSED|HIGH_SCENARIO_FREIGHT_EXPOSURE|MULTI_VOYAGE_ALLOCATION,HEURISTIC_RISK_AWARE
CARGO-010,PANA-002,Panamax,Newcastle_Australia,Paradip,69000.0,69000.0,100.0,16.67,0.9583333333333334,2027-05-17 07:38:59.999999982,2027-06-03 22:43:47.999999979,2027-01-26,128.94708333332176,False,28.88408462274225,30.89,32.694154693761234,1993001.8389692153,2131410.0,2255896.673869525,500.1,233081.60700000002,2226083.445969215,2364491.607,2488978.280869525,124486.67386952508,34644832.77618477,466.07,9,HIGH,100.0,False,146.3770833333331,DEADLINE_MISSED|HIGH_SCENARIO_FREIGHT_EXPOSURE|MULTI_VOYAGE_ALLOCATION,HEURISTIC_RISK_AWARE
CARGO-010,PANA-001,Panamax,Newcastle_Australia,Paradip,75000.0,75000.0,100.0,16.67,1.0416666666666667,2027-05-18 11:33:00.000000012,2027-06-05 04:37:48.000000014,2027-01-26,130.19291666666666,False,28.88408462274225,30.89,32.694154693761234,2166306.3467056686,2316750.0,2452061.6020320924,533.44,248620.3808,2414926.7275056685,2565370.3808,2700681.9828320923,135311.6020320924,35160958.6081779,466.07,10,HIGH,100.0,False,146.3770833333331,DEADLINE_MISSED|HIGH_SCENARIO_FREIGHT_EXPOSURE|MULTI_VOYAGE_ALLOCATION,HEURISTIC_RISK_AWARE
CARGO-010,SUPRA-003,Supramax,Newcastle_Australia,Paradip,44000.0,44000.0,100.0,18.06,0.611111111111111,2027-05-29 23:44:39.839999973,2027-06-17 15:51:03.839999972,2027-01-26,142.66046111109952,False,33.84926718495531,36.2,38.314289411270856,1489367.7561380337,1592800.0000000002,1685828.7340959178,415.38,193596.1566,1682963.9127380336,1786396.1566000003,1879424.890695918,93028.73409591755,37484071.49130845,466.07,11,HIGH,100.0,False,146.3770833333331,DEADLINE_MISSED|HIGH_SCENARIO_FREIGHT_EXPOSURE|MULTI_VOYAGE_ALLOCATION,HEURISTIC_RISK_AWARE
CARGO-010,SUPRA-002,Supramax,Newcastle_Australia,Paradip,47000.0,47000.0,100.0,18.06,0.6527777777777778,2027-05-30 20:38:35.759999984,2027-06-18 13:44:59.759999985,2027-01-26,143.5729138888773,False,33.84926718495531,36.2,38.314289411270856,1590915.5576928996,1701400.0000000002,1800771.6023297303,433.43999999999994,202013.38079999996,1792928.9384928995,1903413.3808000002,2002784.9831297302,99371.60232973006,37831421.91383473,466.07,12,HIGH,100.0,False,146.3770833333331,DEADLINE_MISSED|HIGH_SCENARIO_FREIGHT_EXPOSURE|MULTI_VOYAGE_ALLOCATION,HEURISTIC_RISK_AWARE
CARGO-010,SUPRA-001,Supramax,Newcastle_Australia,Paradip,53000.0,53000.0,100.0,18.06,0.7361111111111112,2027-05-31 14:53:53.519999978,2027-06-19 10:00:17.519999977,2027-01-26,144.41686944443288,False,33.84926718495531,36.2,38.314289411270856,1794011.1608026314,1918600.0000000002,2030657.3387973553,469.55999999999995,218847.82919999998,2012858.9900026314,2137447.8292,2249505.167997355,112057.33879735507,38280885.2588873,466.07,13,HIGH,100.0,False,146.3770833333331,DEADLINE_MISSED|HIGH_SCENARIO_FREIGHT_EXPOSURE|MULTI_VOYAGE_ALLOCATION,HEURISTIC_RISK_AWARE
CARGO-010,PANA-003,Panamax,Newcastle_Australia,Paradip,62000.0,62000.0,100.0,16.67,0.8611111111111112,2027-06-01 21:27:03.599999975,2027-06-19 10:11:51.599999974,2027-01-26,144.4249027777662,False,28.88408462274225,30.89,32.694154693761234,1790813.2466100196,1915180.0,2027037.5910131966,483.43000000000006,225312.22010000004,2016125.4667100196,2140492.2201,2252349.8111131964,111857.59101319639,38285868.07139617,466.07,14,HIGH,100.0,False,146.3770833333331,DEADLINE_MISSED|HIGH_SCENARIO_FREIGHT_EXPOSURE|MULTI_VOYAGE_ALLOCATION,HEURISTIC_RISK_AWARE
CARGO-010,PANA-002,Panamax,Newcastle_Australia,Paradip,54720.0,69000.0,79.30434782608695,16.67,0.7599999999999999,2027-06-03 22:43:47.999999979,2027-06-21 09:02:59.999999979,2027-01-26,146.37708333332176,False,28.88408462274225,30.89,32.694154693761234,1580537.110556456,1690300.8,1789024.1448426147,500.1,233081.60700000002,1813618.717556456,1923382.4070000001,2022105.7518426147,98723.3448426146,38552206.41102535,466.07,15,HIGH,100.0,False,146.3770833333331,DEADLINE_MISSED|HIGH_SCENARIO_FREIGHT_EXPOSURE|MULTI_VOYAGE_ALLOCATION,HEURISTIC_RISK_AWARE
CARGO-011,PANA-001,Panamax,Newcastle_Australia,Visakhapatnam,75000.0,75000.0,100.0,16.35,1.25,2027-06-05 04:37:48.000000014,2027-06-22 19:01:48.000000014,2027-01-26,147.79291666666666,False,31.100183054464463,33.26,35.20257640383615,2332513.729084835,2494500.0,2640193.230287711,523.2,243847.82400000002,2576361.553084835,2738347.824,2884041.054287711,145693.23028771114,39737569.62126736,466.07,1,MEDIUM,100.0,False,197.99046111111068,DEADLINE_MISSED|HIGH_SCENARIO_FREIGHT_EXPOSURE|MULTI_VOYAGE_ALLOCATION,HEURISTIC_RISK_AWARE
CARGO-011,SUPRA-003,Supramax,Newcastle_Australia,Visakhapatnam,44000.0,44000.0,100.0,17.71,0.7333333333333334,2027-06-17 15:51:03.839999972,2027-07-06 02:29:27.839999969,2027-01-26,161.10379444443288,False,34.01757845825067,36.38,38.50480245254237,1496773.4521630295,1600720.0,1694211.3079118642,407.33000000000004,189844.2931,1686617.7452630294,1790564.2931,1884055.6010118644,93491.30791186448,42099234.861977376,466.07,2,MEDIUM,100.0,False,197.99046111111068,DEADLINE_MISSED|HIGH_SCENARIO_FREIGHT_EXPOSURE|MULTI_VOYAGE_ALLOCATION,HEURISTIC_RISK_AWARE
CARGO-011,SUPRA-002,Supramax,Newcastle_Australia,Visakhapatnam,47000.0,47000.0,100.0,17.71,0.7833333333333333,2027-06-18 13:44:59.759999985,2027-07-07 01:35:23.759999982,2027-01-26,162.06624722221065,False,34.01757845825067,36.38,38.50480245254237,1598826.1875377814,1709860.0000000002,1809725.7152694915,425.04,198098.3928,1796924.5803377815,1907958.3928000003,2007824.1080694916,99865.71526949131,42459473.198696986,466.07,3,MEDIUM,100.0,False,197.99046111111068,DEADLINE_MISSED|HIGH_SCENARIO_FREIGHT_EXPOSURE|MULTI_VOYAGE_ALLOCATION,HEURISTIC_RISK_AWARE
CARGO-011,PANA-003,Panamax,Newcastle_Australia,Visakhapatnam,62000.0,62000.0,100.0,16.35,1.0333333333333334,2027-06-19 10:11:51.599999974,2027-07-06 19:23:51.599999971,2027-01-26,161.80823611109952,False,31.100183054464463,33.26,35.20257640383615,1928211.3493767967,2062119.9999999998,2182559.737037841,474.15000000000003,220987.09050000002,2149198.4398767967,2283107.0905,2403546.827537841,120439.73703784123,42777320.02623812,466.07,4,MEDIUM,100.0,False,197.99046111111068,DEADLINE_MISSED|HIGH_SCENARIO_FREIGHT_EXPOSURE|MULTI_VOYAGE_ALLOCATION,HEURISTIC_RISK_AWARE
CARGO-011,SUPRA-001,Supramax,Newcastle_Australia,Visakhapatnam,53000.0,53000.0,100.0,17.71,0.8833333333333333,2027-06-19 10:00:17.519999977,2027-07-08 00:14:41.519999974,2027-01-26,163.01020277776618,False,34.01757845825067,36.38,38.50480245254237,1802931.6582872854,1928140.0000000002,2040754.5299847457,460.46000000000004,214606.5922,2017538.2504872854,2142746.5922000003,2255361.1221847455,112614.5299847452,42934712.372136205,466.07,5,MEDIUM,100.0,False,197.99046111111068,DEADLINE_MISSED|HIGH_SCENARIO_FREIGHT_EXPOSURE|MULTI_VOYAGE_ALLOCATION,HEURISTIC_RISK_AWARE
CARGO-011,PANA-002,Panamax,Newcastle_Australia,Visakhapatnam,69000.0,69000.0,100.0,16.35,1.1500000000000001,2027-06-21 09:02:59.999999979,2027-07-08 21:02:59.999999979,2027-01-26,163.87708333332176,False,31.100183054464463,33.26,35.20257640383615,2145912.630758048,2294940.0,2428977.771864694,490.50000000000006,228607.33500000002,2374519.965758048,2523547.335,2657585.106864694,134037.77186469408,43539731.38848308,466.07,6,MEDIUM,100.0,False,197.99046111111068,DEADLINE_MISSED|HIGH_SCENARIO_FREIGHT_EXPOSURE|MULTI_VOYAGE_ALLOCATION,HEURISTIC_RISK_AWARE
CARGO-011,PANA-001,Panamax,Newcastle_Australia,Visakhapatnam,75000.0,75000.0,100.0,16.35,1.25,2027-06-22 19:01:48.000000014,2027-07-10 09:25:48.000000014,2027-01-26,165.39291666666668,False,31.100183054464463,33.26,35.20257640383615,2332513.729084835,2494500.0,2640193.230287711,523.2,243847.82400000002,2576361.553084835,2738347.824,2884041.054287711,145693.23028771114,44137569.62126737,466.07,7,MEDIUM,100.0,False,197.99046111111068,DEADLINE_MISSED|HIGH_SCENARIO_FREIGHT_EXPOSURE|MULTI_VOYAGE_ALLOCATION,HEURISTIC_RISK_AWARE
CARGO-011,SUPRA-003,Supramax,Newcastle_Australia,Visakhapatnam,44000.0,44000.0,100.0,17.71,0.7333333333333334,2027-07-06 02:29:27.839999969,2027-07-24 13:07:51.839999966,2027-01-26,179.5471277777662,False,34.01757845825067,36.38,38.50480245254237,1496773.4521630295,1600720.0,1694211.3079118642,407.33000000000004,189844.2931,1686617.7452630294,1790564.2931,1884055.6010118644,93491.30791186448,46710068.195310704,466.07,8,MEDIUM,100.0,False,197.99046111111068,DEADLINE_MISSED|HIGH_SCENARIO_FREIGHT_EXPOSURE|MULTI_VOYAGE_ALLOCATION,HEURISTIC_RISK_AWARE
CARGO-011,SUPRA-002,Supramax,Newcastle_Australia,Visakhapatnam,47000.0,47000.0,100.0,17.71,0.7833333333333333,2027-07-07 01:35:23.759999982,2027-07-25 13:25:47.759999979,2027-01-26,180.559580555544,False,34.01757845825067,36.38,38.50480245254237,1598826.1875377814,1709860.0000000002,1809725.7152694915,425.04,198098.3928,1796924.5803377815,1907958.3928000003,2007824.1080694916,99865.71526949131,47082806.53203032,466.07,9,MEDIUM,100.0,False,197.99046111111068,DEADLINE_MISSED|HIGH_SCENARIO_FREIGHT_EXPOSURE|MULTI_VOYAGE_ALLOCATION,HEURISTIC_RISK_AWARE
CARGO-011,PANA-003,Panamax,Newcastle_Australia,Visakhapatnam,62000.0,62000.0,100.0,16.35,1.0333333333333334,2027-07-06 19:23:51.599999971,2027-07-24 04:35:51.599999968,2027-01-26,179.19156944443287,False,31.100183054464463,33.26,35.20257640383615,1928211.3493767967,2062119.9999999998,2182559.737037841,474.15000000000003,220987.09050000002,2149198.4398767967,2283107.0905,2403546.827537841,120439.73703784123,47123153.359571464,466.07,10,MEDIUM,100.0,False,197.99046111111068,DEADLINE_MISSED|HIGH_SCENARIO_FREIGHT_EXPOSURE|MULTI_VOYAGE_ALLOCATION,HEURISTIC_RISK_AWARE
CARGO-011,SUPRA-001,Supramax,Newcastle_Australia,Visakhapatnam,53000.0,53000.0,100.0,17.71,0.8833333333333333,2027-07-08 00:14:41.519999974,2027-07-26 14:29:05.519999971,2027-01-26,181.60353611109952,False,34.01757845825067,36.38,38.50480245254237,1802931.6582872854,1928140.0000000002,2040754.5299847457,460.46000000000004,214606.5922,2017538.2504872854,2142746.5922000003,2255361.1221847455,112614.5299847452,47583045.70546954,466.07,11,MEDIUM,100.0,False,197.99046111111068,DEADLINE_MISSED|HIGH_SCENARIO_FREIGHT_EXPOSURE|MULTI_VOYAGE_ALLOCATION,HEURISTIC_RISK_AWARE
CARGO-011,PANA-002,Panamax,Newcastle_Australia,Visakhapatnam,69000.0,69000.0,100.0,16.35,1.1500000000000001,2027-07-08 21:02:59.999999979,2027-07-26 09:02:59.999999979,2027-01-26,181.37708333332176,False,31.100183054464463,33.26,35.20257640383615,2145912.630758048,2294940.0,2428977.771864694,490.50000000000006,228607.33500000002,2374519.965758048,2523547.335,2657585.106864694,134037.77186469408,47914731.38848308,466.07,12,MEDIUM,100.0,False,197.99046111111068,DEADLINE_MISSED|HIGH_SCENARIO_FREIGHT_EXPOSURE|MULTI_VOYAGE_ALLOCATION,HEURISTIC_RISK_AWARE
CARGO-011,PANA-001,Panamax,Newcastle_Australia,Visakhapatnam,75000.0,75000.0,100.0,16.35,1.25,2027-07-10 09:25:48.000000014,2027-07-27 23:49:48.000000014,2027-01-26,182.99291666666667,False,31.100183054464463,33.26,35.20257640383615,2332513.729084835,2494500.0,2640193.230287711,523.2,243847.82400000002,2576361.553084835,2738347.824,2884041.054287711,145693.23028771114,48537569.62126737,466.07,13,MEDIUM,100.0,False,197.99046111111068,DEADLINE_MISSED|HIGH_SCENARIO_FREIGHT_EXPOSURE|MULTI_VOYAGE_ALLOCATION,HEURISTIC_RISK_AWARE
CARGO-011,SUPRA-003,Supramax,Newcastle_Australia,Visakhapatnam,44000.0,44000.0,100.0,17.71,0.7333333333333334,2027-07-24 13:07:51.839999966,2027-08-11 23:46:15.839999963,2027-01-26,197.99046111109956,False,34.01757845825067,36.38,38.50480245254237,1496773.4521630295,1600720.0,1694211.3079118642,407.33000000000004,189844.2931,1686617.7452630294,1790564.2931,1884055.6010118644,93491.30791186448,51320901.52864405,466.07,14,MEDIUM,100.0,False,197.99046111111068,DEADLINE_MISSED|HIGH_SCENARIO_FREIGHT_EXPOSURE|MULTI_VOYAGE_ALLOCATION,HEURISTIC_RISK_AWARE
CARGO-011,PANA-003,Panamax,Newcastle_Australia,Visakhapatnam,46254.0,62000.0,74.60322580645162,16.35,0.7709,2027-07-24 04:35:51.599999968,2027-08-10 07:29:57.359999968,2027-01-26,196.31246944443288,False,31.100183054464463,33.26,35.20257640383615,1438507.8670011992,1538408.0399999998,1628259.9689830372,474.15000000000003,220987.09050000002,1659494.957501199,1759395.1304999997,1849247.059483037,89851.92898303736,50868960.666752286,466.07,15,MEDIUM,100.0,False,197.99046111111068,DEADLINE_MISSED|HIGH_SCENARIO_FREIGHT_EXPOSURE|MULTI_VOYAGE_ALLOCATION,HEURISTIC_RISK_AWARE
CARGO-012,CAPE-003,Capesize,Newcastle_Australia,Dhamra,145000.0,145000.0,100.0,15.62,1.5104166666666667,2027-02-15 01:02:24.000000016,2027-03-04 04:10:12.000000018,2027-01-26,37.17375,False,33.363034617657604,35.68,37.76391840315315,4837640.019560353,5173600.0,5475768.168457206,749.76,349440.6432,5187080.662760353,5523040.6432,5825208.811657206,302168.16845720634,14922237.002160022,466.07,1,MEDIUM,100.0,False,71.43458333333359,DEADLINE_MISSED|HIGH_SCENARIO_FREIGHT_EXPOSURE|MULTI_VOYAGE_ALLOCATION,HEURISTIC_RISK_AWARE
CARGO-012,CAPE-002,Capesize,Newcastle_Australia,Dhamra,163000.0,163000.0,100.0,15.62,1.6979166666666667,2027-02-13 11:58:58.800000007,2027-03-02 19:36:46.800000009,2027-01-26,35.81720833333333,False,33.363034617657604,35.68,37.76391840315315,5438174.642678189,5815840.0,6155518.699713963,812.24,378560.6968,5816735.339478189,6194400.6968,6534079.396513963,339678.6997139631,15267590.325033221,466.07,2,MEDIUM,100.0,False,71.43458333333359,DEADLINE_MISSED|HIGH_SCENARIO_FREIGHT_EXPOSURE|MULTI_VOYAGE_ALLOCATION,HEURISTIC_RISK_AWARE
CARGO-012,CAPE-003,Capesize,Newcastle_Australia,Dhamra,145000.0,145000.0,100.0,15.62,1.5104166666666667,2027-03-04 04:10:12.000000018,2027-03-21 07:18:00.000000020,2027-01-26,54.30416666666667,False,33.363034617657604,35.68,37.76391840315315,4837640.019560353,5173600.0,5475768.168457206,749.76,349440.6432,5187080.662760353,5523040.6432,5825208.811657206,302168.16845720634,19204841.168826688,466.07,3,MEDIUM,100.0,False,71.43458333333359,DEADLINE_MISSED|HIGH_SCENARIO_FREIGHT_EXPOSURE|MULTI_VOYAGE_ALLOCATION,HEURISTIC_RISK_AWARE
CARGO-012,CAPE-002,Capesize,Newcastle_Australia,Dhamra,163000.0,163000.0,100.0,15.62,1.6979166666666667,2027-03-02 19:36:46.800000009,2027-03-20 03:14:34.800000011,2027-01-26,53.135124999999995,False,33.363034617657604,35.68,37.76391840315315,5438174.642678189,5815840.0,6155518.699713963,812.24,378560.6968,5816735.339478189,6194400.6968,6534079.396513963,339678.6997139631,19597069.491699886,466.07,4,MEDIUM,100.0,False,71.43458333333359,DEADLINE_MISSED|HIGH_SCENARIO_FREIGHT_EXPOSURE|MULTI_VOYAGE_ALLOCATION,HEURISTIC_RISK_AWARE
CARGO-012,CAPE-003,Capesize,Newcastle_Australia,Dhamra,145000.0,145000.0,100.0,15.62,1.5104166666666667,2027-03-21 07:18:00.000000020,2027-04-07 10:25:48.000000022,2027-01-26,71.43458333333334,False,33.363034617657604,35.68,37.76391840315315,4837640.019560353,5173600.0,5475768.168457206,749.76,349440.6432,5187080.662760353,5523040.6432,5825208.811657206,302168.16845720634,23487445.335493356,466.07,5,MEDIUM,100.0,False,71.43458333333359,DEADLINE_MISSED|HIGH_SCENARIO_FREIGHT_EXPOSURE|MULTI_VOYAGE_ALLOCATION,HEURISTIC_RISK_AWARE
CARGO-012,CAPE-002,Capesize,Newcastle_Australia,Dhamra,40345.0,163000.0,24.75153374233129,15.62,0.42026041666666664,2027-03-20 03:14:34.800000011,2027-04-05 04:12:33.300000013,2027-01-26,69.17538541666667,False,33.363034617657604,35.68,37.76391840315315,1346031.6316493961,1439509.6,1523585.2879752137,812.24,378560.6968,1724592.3284493962,1818070.2968000001,1902145.9847752138,84075.68797521363,19141343.14175799,466.07,6,MEDIUM,100.0,False,71.43458333333359,DEADLINE_MISSED|HIGH_SCENARIO_FREIGHT_EXPOSURE|MULTI_VOYAGE_ALLOCATION,HEURISTIC_RISK_AWARE
CARGO-013,SUPRA-002,Supramax,Newcastle_Australia,Paradip,47000.0,47000.0,100.0,18.06,0.6527777777777778,2027-07-25 13:25:47.759999979,2027-08-13 06:32:11.759999980,2027-02-26,168.27235833332176,False,33.84926718495531,36.2,38.314289411270856,1590915.5576928996,1701400.0000000002,1800771.6023297303,433.43999999999994,202013.38079999996,1792928.9384928995,1903413.3808000002,2002784.9831297302,99371.60232973006,44006283.02494584,466.07,1,HIGH,100.0,False,185.6615722222218,DEADLINE_MISSED|HIGH_SCENARIO_FREIGHT_EXPOSURE|MULTI_VOYAGE_ALLOCATION,HEURISTIC_RISK_AWARE
CARGO-013,PANA-002,Panamax,Newcastle_Australia,Paradip,69000.0,69000.0,100.0,16.67,0.9583333333333334,2027-07-26 09:02:59.999999979,2027-08-13 00:07:47.999999976,2027-02-26,168.0054166666551,False,28.88408462274225,30.89,32.694154693761234,1993001.8389692153,2131410.0,2255896.673869525,500.1,233081.60700000002,2226083.445969215,2364491.607,2488978.280869525,124486.67386952508,44409416.10951811,466.07,2,HIGH,100.0,False,185.6615722222218,DEADLINE_MISSED|HIGH_SCENARIO_FREIGHT_EXPOSURE|MULTI_VOYAGE_ALLOCATION,HEURISTIC_RISK_AWARE
CARGO-013,SUPRA-001,Supramax,Newcastle_Australia,Paradip,53000.0,53000.0,100.0,18.06,0.7361111111111112,2027-07-26 14:29:05.519999971,2027-08-14 09:35:29.519999970,2027-02-26,169.39964722221063,False,33.84926718495531,36.2,38.314289411270856,1794011.1608026314,1918600.0000000002,2030657.3387973553,469.55999999999995,218847.82919999998,2012858.9900026314,2137447.8292,2249505.167997355,112057.33879735507,44526579.70333174,466.07,3,HIGH,100.0,False,185.6615722222218,DEADLINE_MISSED|HIGH_SCENARIO_FREIGHT_EXPOSURE|MULTI_VOYAGE_ALLOCATION,HEURISTIC_RISK_AWARE
CARGO-013,PANA-001,Panamax,Newcastle_Australia,Paradip,75000.0,75000.0,100.0,16.67,1.0416666666666667,2027-07-27 23:49:48.000000014,2027-08-14 16:54:36.000000016,2027-02-26,169.70458333333335,False,28.88408462274225,30.89,32.694154693761234,2166306.3467056686,2316750.0,2452061.6020320924,533.44,248620.3808,2414926.7275056685,2565370.3808,2700681.9828320923,135311.6020320924,45038875.27484457,466.07,4,HIGH,100.0,False,185.6615722222218,DEADLINE_MISSED|HIGH_SCENARIO_FREIGHT_EXPOSURE|MULTI_VOYAGE_ALLOCATION,HEURISTIC_RISK_AWARE
CARGO-013,PANA-003,Panamax,Newcastle_Australia,Paradip,62000.0,62000.0,100.0,16.67,0.8611111111111112,2027-08-10 07:29:57.359999968,2027-08-27 20:14:45.359999967,2027-02-26,182.84358055554398,False,28.88408462274225,30.89,32.694154693761234,1790813.2466100196,1915180.0,2027037.5910131966,483.43000000000006,225312.22010000004,2016125.4667100196,2140492.2201,2252349.8111131964,111857.59101319639,47890537.51584062,466.07,5,HIGH,100.0,False,185.6615722222218,DEADLINE_MISSED|HIGH_SCENARIO_FREIGHT_EXPOSURE|MULTI_VOYAGE_ALLOCATION,HEURISTIC_RISK_AWARE
CARGO-013,SUPRA-003,Supramax,Newcastle_Australia,Paradip,44000.0,44000.0,100.0,18.06,0.611111111111111,2027-08-11 23:46:15.839999963,2027-08-30 15:52:39.839999962,2027-02-26,185.66157222221065,False,33.84926718495531,36.2,38.314289411270856,1489367.7561380337,1592800.0000000002,1685828.7340959178,415.38,193596.1566,1682963.9127380336,1786396.1566000003,1879424.890695918,93028.73409591755,48234349.269086234,466.07,6,HIGH,100.0,False,185.6615722222218,DEADLINE_MISSED|HIGH_SCENARIO_FREIGHT_EXPOSURE|MULTI_VOYAGE_ALLOCATION,HEURISTIC_RISK_AWARE
CARGO-013,PANA-002,Panamax,Newcastle_Australia,Paradip,11228.0,69000.0,16.27246376811594,16.67,0.15594444444444444,2027-08-13 00:07:47.999999976,2027-08-29 19:57:09.599999972,2027-02-26,184.83136111109954,False,28.88408462274225,30.89,32.694154693761234,324310.50214414997,346832.92,367089.96890155115,500.1,233081.60700000002,557392.10914415,579914.527,600171.5759015512,20257.04890155117,46794844.77189043,466.07,7,HIGH,100.0,False,185.6615722222218,DEADLINE_MISSED|HIGH_SCENARIO_FREIGHT_EXPOSURE|MULTI_VOYAGE_ALLOCATION,HEURISTIC_RISK_AWARE
CARGO-014,SUPRA-002,Supramax,Newcastle_Australia,Visakhapatnam,47000.0,47000.0,100.0,17.71,0.7833333333333333,2027-08-13 06:32:11.759999980,2027-08-31 18:22:35.759999977,2027-02-26,186.7656916666551,False,34.01757845825067,36.38,38.50480245254237,1598826.1875377814,1709860.0000000002,1809725.7152694915,425.04,198098.3928,1796924.5803377815,1907958.3928000003,2007824.1080694916,99865.71526949131,48634334.3098081,466.07,1,MEDIUM,100.0,False,223.752358333333,DEADLINE_MISSED|HIGH_SCENARIO_FREIGHT_EXPOSURE|MULTI_VOYAGE_ALLOCATION,HEURISTIC_RISK_AWARE
CARGO-014,SUPRA-001,Supramax,Newcastle_Australia,Visakhapatnam,53000.0,53000.0,100.0,17.71,0.8833333333333333,2027-08-14 09:35:29.519999970,2027-09-01 23:49:53.519999967,2027-02-26,187.99298055554397,False,34.01757845825067,36.38,38.50480245254237,1802931.6582872854,1928140.0000000002,2040754.5299847457,460.46000000000004,214606.5922,2017538.2504872854,2142746.5922000003,2255361.1221847455,112614.5299847452,49180406.81658065,466.07,2,MEDIUM,100.0,False,223.752358333333,DEADLINE_MISSED|HIGH_SCENARIO_FREIGHT_EXPOSURE|MULTI_VOYAGE_ALLOCATION,HEURISTIC_RISK_AWARE
CARGO-014,PANA-001,Panamax,Newcastle_Australia,Visakhapatnam,75000.0,75000.0,100.0,16.35,1.25,2027-08-14 16:54:36.000000016,2027-09-01 07:18:36.000000016,2027-02-26,187.30458333333334,False,31.100183054464463,33.26,35.20257640383615,2332513.729084835,2494500.0,2640193.230287711,523.2,243847.82400000002,2576361.553084835,2738347.824,2884041.054287711,145693.23028771114,49615486.287934035,466.07,3,MEDIUM,100.0,False,223.752358333333,DEADLINE_MISSED|HIGH_SCENARIO_FREIGHT_EXPOSURE|MULTI_VOYAGE_ALLOCATION,HEURISTIC_RISK_AWARE
CARGO-014,PANA-003,Panamax,Newcastle_Australia,Visakhapatnam,62000.0,62000.0,100.0,16.35,1.0333333333333334,2027-08-27 20:14:45.359999967,2027-09-14 05:26:45.359999964,2027-02-26,200.22691388887733,False,31.100183054464463,33.26,35.20257640383615,1928211.3493767967,2062119.9999999998,2182559.737037841,474.15000000000003,220987.09050000002,2149198.4398767967,2283107.0905,2403546.827537841,120439.73703784123,52381989.47068258,466.07,4,MEDIUM,100.0,False,223.752358333333,DEADLINE_MISSED|HIGH_SCENARIO_FREIGHT_EXPOSURE|MULTI_VOYAGE_ALLOCATION,HEURISTIC_RISK_AWARE
CARGO-014,SUPRA-003,Supramax,Newcastle_Australia,Visakhapatnam,44000.0,44000.0,100.0,17.71,0.7333333333333334,2027-08-30 15:52:39.839999962,2027-09-18 02:31:03.839999959,2027-02-26,204.104905555544,False,34.01757845825067,36.38,38.50480245254237,1496773.4521630295,1600720.0,1694211.3079118642,407.33000000000004,189844.2931,1686617.7452630294,1790564.2931,1884055.6010118644,93491.30791186448,52849512.63975516,466.07,5,MEDIUM,100.0,False,223.752358333333,DEADLINE_MISSED|HIGH_SCENARIO_FREIGHT_EXPOSURE|MULTI_VOYAGE_ALLOCATION,HEURISTIC_RISK_AWARE
CARGO-014,PANA-002,Panamax,Newcastle_Australia,Visakhapatnam,69000.0,69000.0,100.0,16.35,1.1500000000000001,2027-08-29 19:57:09.599999972,2027-09-16 07:57:09.599999972,2027-02-26,202.33136111109954,False,31.100183054464463,33.26,35.20257640383615,2145912.630758048,2294940.0,2428977.771864694,490.50000000000006,228607.33500000002,2374519.965758048,2523547.335,2657585.106864694,134037.77186469408,53153300.832927525,466.07,6,MEDIUM,100.0,False,223.752358333333,DEADLINE_MISSED|HIGH_SCENARIO_FREIGHT_EXPOSURE|MULTI_VOYAGE_ALLOCATION,HEURISTIC_RISK_AWARE
CARGO-014,SUPRA-002,Supramax,Newcastle_Australia,Visakhapatnam,47000.0,47000.0,100.0,17.71,0.7833333333333333,2027-08-31 18:22:35.759999977,2027-09-19 06:12:59.759999974,2027-02-26,205.2590249999884,False,34.01757845825067,36.38,38.50480245254237,1598826.1875377814,1709860.0000000002,1809725.7152694915,425.04,198098.3928,1796924.5803377815,1907958.3928000003,2007824.1080694916,99865.71526949131,53257667.643141426,466.07,7,MEDIUM,100.0,False,223.752358333333,DEADLINE_MISSED|HIGH_SCENARIO_FREIGHT_EXPOSURE|MULTI_VOYAGE_ALLOCATION,HEURISTIC_RISK_AWARE
CARGO-014,SUPRA-001,Supramax,Newcastle_Australia,Visakhapatnam,53000.0,53000.0,100.0,17.71,0.8833333333333333,2027-09-01 23:49:53.519999967,2027-09-20 14:04:17.519999964,2027-02-26,206.58631388887733,False,34.01757845825067,36.38,38.50480245254237,1802931.6582872854,1928140.0000000002,2040754.5299847457,460.46000000000004,214606.5922,2017538.2504872854,2142746.5922000003,2255361.1221847455,112614.5299847452,53828740.149914,466.07,8,MEDIUM,100.0,False,223.752358333333,DEADLINE_MISSED|HIGH_SCENARIO_FREIGHT_EXPOSURE|MULTI_VOYAGE_ALLOCATION,HEURISTIC_RISK_AWARE
CARGO-014,PANA-001,Panamax,Newcastle_Australia,Visakhapatnam,75000.0,75000.0,100.0,16.35,1.25,2027-09-01 07:18:36.000000016,2027-09-18 21:42:36.000000016,2027-02-26,204.90458333333333,False,31.100183054464463,33.26,35.20257640383615,2332513.729084835,2494500.0,2640193.230287711,523.2,243847.82400000002,2576361.553084835,2738347.824,2884041.054287711,145693.23028771114,54015486.287934035,466.07,9,MEDIUM,100.0,False,223.752358333333,DEADLINE_MISSED|HIGH_SCENARIO_FREIGHT_EXPOSURE|MULTI_VOYAGE_ALLOCATION,HEURISTIC_RISK_AWARE
CARGO-014,PANA-003,Panamax,Newcastle_Australia,Visakhapatnam,62000.0,62000.0,100.0,16.35,1.0333333333333334,2027-09-14 05:26:45.359999964,2027-10-01 14:38:45.359999961,2027-02-26,217.61024722221066,False,31.100183054464463,33.26,35.20257640383615,1928211.3493767967,2062119.9999999998,2182559.737037841,474.15000000000003,220987.09050000002,2149198.4398767967,2283107.0905,2403546.827537841,120439.73703784123,56727822.804015905,466.07,10,MEDIUM,100.0,False,223.752358333333,DEADLINE_MISSED|HIGH_SCENARIO_FREIGHT_EXPOSURE|MULTI_VOYAGE_ALLOCATION,HEURISTIC_RISK_AWARE
CARGO-014,SUPRA-003,Supramax,Newcastle_Australia,Visakhapatnam,44000.0,44000.0,100.0,17.71,0.7333333333333334,2027-09-18 02:31:03.839999959,2027-10-06 13:09:27.839999956,2027-02-26,222.54823888887734,False,34.01757845825067,36.38,38.50480245254237,1496773.4521630295,1600720.0,1694211.3079118642,407.33000000000004,189844.2931,1686617.7452630294,1790564.2931,1884055.6010118644,93491.30791186448,57460345.97308849,466.07,11,MEDIUM,100.0,False,223.752358333333,DEADLINE_MISSED|HIGH_SCENARIO_FREIGHT_EXPOSURE|MULTI_VOYAGE_ALLOCATION,HEURISTIC_RISK_AWARE
CARGO-014,PANA-002,Panamax,Newcastle_Australia,Visakhapatnam,69000.0,69000.0,100.0,16.35,1.1500000000000001,2027-09-16 07:57:09.599999972,2027-10-03 19:57:09.599999972,2027-02-26,219.83136111109954,False,31.100183054464463,33.26,35.20257640383615,2145912.630758048,2294940.0,2428977.771864694,490.50000000000006,228607.33500000002,2374519.965758048,2523547.335,2657585.106864694,134037.77186469408,57528300.832927525,466.07,12,MEDIUM,100.0,False,223.752358333333,DEADLINE_MISSED|HIGH_SCENARIO_FREIGHT_EXPOSURE|MULTI_VOYAGE_ALLOCATION,HEURISTIC_RISK_AWARE
CARGO-014,SUPRA-002,Supramax,Newcastle_Australia,Visakhapatnam,47000.0,47000.0,100.0,17.71,0.7833333333333333,2027-09-19 06:12:59.759999974,2027-10-07 18:03:23.759999971,2027-02-26,223.75235833332175,False,34.01757845825067,36.38,38.50480245254237,1598826.1875377814,1709860.0000000002,1809725.7152694915,425.04,198098.3928,1796924.5803377815,1907958.3928000003,2007824.1080694916,99865.71526949131,57881000.97647476,466.07,13,MEDIUM,100.0,False,223.752358333333,DEADLINE_MISSED|HIGH_SCENARIO_FREIGHT_EXPOSURE|MULTI_VOYAGE_ALLOCATION,HEURISTIC_RISK_AWARE
CARGO-014,PANA-001,Panamax,Newcastle_Australia,Visakhapatnam,34507.0,75000.0,46.00933333333334,16.35,0.5751166666666666,2027-09-18 21:42:36.000000016,2027-10-05 19:54:46.080000018,2027-02-26,221.82969999999997,False,31.100183054464463,33.26,35.20257640383615,1073174.0166604053,1147702.8199999998,1214735.303967174,523.2,243847.82400000002,1317021.8406604053,1391550.6439999999,1458583.127967174,67032.48396717408,56872437.0133885,466.07,14,MEDIUM,100.0,False,223.752358333333,DEADLINE_MISSED|HIGH_SCENARIO_FREIGHT_EXPOSURE|MULTI_VOYAGE_ALLOCATION,HEURISTIC_RISK_AWARE
CARGO-015,CAPE-003,Capesize,Newcastle_Australia,Dhamra,145000.0,145000.0,100.0,15.62,1.5104166666666667,2027-04-07 10:25:48.000000022,2027-04-24 13:33:36.000000024,2027-02-26,57.565,False,33.363034617657604,35.68,37.76391840315315,4837640.019560353,5173600.0,5475768.168457206,749.76,349440.6432,5187080.662760353,5523040.6432,5825208.811657206,302168.16845720634,20020049.50216002,466.07,1,MEDIUM,100.0,False,74.69541666666697,DEADLINE_MISSED|HIGH_SCENARIO_FREIGHT_EXPOSURE|MULTI_VOYAGE_ALLOCATION,HEURISTIC_RISK_AWARE
CARGO-015,CAPE-002,Capesize,Newcastle_Australia,Dhamra,163000.0,163000.0,100.0,15.62,1.6979166666666667,2027-04-05 04:12:33.300000013,2027-04-22 11:50:21.300000015,2027-02-26,55.49330208333333,False,33.363034617657604,35.68,37.76391840315315,5438174.642678189,5815840.0,6155518.699713963,812.24,378560.6968,5816735.339478189,6194400.6968,6534079.396513963,339678.6997139631,20186613.76253322,466.07,2,MEDIUM,100.0,False,74.69541666666697,DEADLINE_MISSED|HIGH_SCENARIO_FREIGHT_EXPOSURE|MULTI_VOYAGE_ALLOCATION,HEURISTIC_RISK_AWARE
CARGO-015,CAPE-003,Capesize,Newcastle_Australia,Dhamra,145000.0,145000.0,100.0,15.62,1.5104166666666667,2027-04-24 13:33:36.000000024,2027-05-11 16:41:24.000000026,2027-02-26,74.69541666666667,False,33.363034617657604,35.68,37.76391840315315,4837640.019560353,5173600.0,5475768.168457206,749.76,349440.6432,5187080.662760353,5523040.6432,5825208.811657206,302168.16845720634,24302653.66882669,466.07,3,MEDIUM,100.0,False,74.69541666666697,DEADLINE_MISSED|HIGH_SCENARIO_FREIGHT_EXPOSURE|MULTI_VOYAGE_ALLOCATION,HEURISTIC_RISK_AWARE
CARGO-015,CAPE-002,Capesize,Newcastle_Australia,Dhamra,123100.0,163000.0,75.52147239263803,15.62,1.2822916666666666,2027-04-22 11:50:21.300000015,2027-05-09 09:29:39.300000017,2027-02-26,72.39559375,False,33.363034617657604,35.68,37.76391840315315,4106989.561433651,4392208.0,4648738.355428153,812.24,378560.6968,4485550.258233651,4770768.6968,5027299.052228153,256530.35542815272,22959452.758699853,466.07,4,MEDIUM,100.0,False,74.69541666666697,DEADLINE_MISSED|HIGH_SCENARIO_FREIGHT_EXPOSURE|MULTI_VOYAGE_ALLOCATION,HEURISTIC_RISK_AWARE
CARGO-016,SUPRA-001,Supramax,Newcastle_Australia,Paradip,53000.0,53000.0,100.0,18.06,0.7361111111111112,2027-09-20 14:04:17.519999964,2027-10-09 09:10:41.519999963,2027-03-26,197.38242499998844,False,33.84926718495531,36.2,38.314289411270856,1794011.1608026314,1918600.0000000002,2030657.3387973553,469.55999999999995,218847.82919999998,2012858.9900026314,2137447.8292,2249505.167997355,112057.33879735507,51522274.14777619,466.07,1,HIGH,100.0,False,226.24327777777742,DEADLINE_MISSED|HIGH_SCENARIO_FREIGHT_EXPOSURE|MULTI_VOYAGE_ALLOCATION,HEURISTIC_RISK_AWARE
CARGO-016,PANA-003,Panamax,Newcastle_Australia,Paradip,62000.0,62000.0,100.0,16.67,0.8611111111111112,2027-10-01 14:38:45.359999961,2027-10-19 03:23:33.359999960,2027-03-26,207.14135833332176,False,28.88408462274225,30.89,32.694154693761234,1790813.2466100196,1915180.0,2027037.5910131966,483.43000000000006,225312.22010000004,2016125.4667100196,2140492.2201,2252349.8111131964,111857.59101319639,53964981.96028505,466.07,2,HIGH,100.0,False,226.24327777777742,DEADLINE_MISSED|HIGH_SCENARIO_FREIGHT_EXPOSURE|MULTI_VOYAGE_ALLOCATION,HEURISTIC_RISK_AWARE
CARGO-016,PANA-002,Panamax,Newcastle_Australia,Paradip,69000.0,69000.0,100.0,16.67,0.9583333333333334,2027-10-03 19:57:09.599999972,2027-10-21 11:01:57.599999969,2027-03-26,209.45969444443287,False,28.88408462274225,30.89,32.694154693761234,1993001.8389692153,2131410.0,2255896.673869525,500.1,233081.60700000002,2226083.445969215,2364491.607,2488978.280869525,124486.67386952508,54772985.55396256,466.07,3,HIGH,100.0,False,226.24327777777742,DEADLINE_MISSED|HIGH_SCENARIO_FREIGHT_EXPOSURE|MULTI_VOYAGE_ALLOCATION,HEURISTIC_RISK_AWARE
CARGO-016,SUPRA-003,Supramax,Newcastle_Australia,Paradip,44000.0,44000.0,100.0,18.06,0.611111111111111,2027-10-06 13:09:27.839999956,2027-10-25 05:15:51.839999955,2027-03-26,213.21934999998845,False,33.84926718495531,36.2,38.314289411270856,1489367.7561380337,1592800.0000000002,1685828.7340959178,415.38,193596.1566,1682963.9127380336,1786396.1566000003,1879424.890695918,93028.73409591755,55123793.71353069,466.07,4,HIGH,100.0,False,226.24327777777742,DEADLINE_MISSED|HIGH_SCENARIO_FREIGHT_EXPOSURE|MULTI_VOYAGE_ALLOCATION,HEURISTIC_RISK_AWARE
CARGO-016,PANA-001,Panamax,Newcastle_Australia,Paradip,75000.0,75000.0,100.0,16.67,1.0416666666666667,2027-10-05 19:54:46.080000018,2027-10-23 12:59:34.080000020,2027-03-26,211.54136666666665,False,28.88408462274225,30.89,32.694154693761234,2166306.3467056686,2316750.0,2452061.6020320924,533.44,248620.3808,2414926.7275056685,2565370.3808,2700681.9828320923,135311.6020320924,55498071.1081779,466.07,5,HIGH,100.0,False,226.24327777777742,DEADLINE_MISSED|HIGH_SCENARIO_FREIGHT_EXPOSURE|MULTI_VOYAGE_ALLOCATION,HEURISTIC_RISK_AWARE
CARGO-016,SUPRA-002,Supramax,Newcastle_Australia,Paradip,47000.0,47000.0,100.0,18.06,0.6527777777777778,2027-10-07 18:03:23.759999971,2027-10-26 11:09:47.759999972,2027-03-26,214.46513611109953,False,33.84926718495531,36.2,38.314289411270856,1590915.5576928996,1701400.0000000002,1800771.6023297303,433.43999999999994,202013.38079999996,1792928.9384928995,1903413.3808000002,2002784.9831297302,99371.60232973006,55554477.46939028,466.07,6,HIGH,100.0,False,226.24327777777742,DEADLINE_MISSED|HIGH_SCENARIO_FREIGHT_EXPOSURE|MULTI_VOYAGE_ALLOCATION,HEURISTIC_RISK_AWARE
CARGO-016,SUPRA-001,Supramax,Newcastle_Australia,Paradip,53000.0,53000.0,100.0,18.06,0.7361111111111112,2027-10-09 09:10:41.519999963,2027-10-28 04:17:05.519999962,2027-03-26,216.17853611109956,False,33.84926718495531,36.2,38.314289411270856,1794011.1608026314,1918600.0000000002,2030657.3387973553,469.55999999999995,218847.82919999998,2012858.9900026314,2137447.8292,2249505.167997355,112057.33879735507,56221301.92555397,466.07,7,HIGH,100.0,False,226.24327777777742,DEADLINE_MISSED|HIGH_SCENARIO_FREIGHT_EXPOSURE|MULTI_VOYAGE_ALLOCATION,HEURISTIC_RISK_AWARE
CARGO-016,PANA-003,Panamax,Newcastle_Australia,Paradip,62000.0,62000.0,100.0,16.67,0.8611111111111112,2027-10-19 03:23:33.359999960,2027-11-05 16:08:21.359999959,2027-03-26,224.6724694444329,False,28.88408462274225,30.89,32.694154693761234,1790813.2466100196,1915180.0,2027037.5910131966,483.43000000000006,225312.22010000004,2016125.4667100196,2140492.2201,2252349.8111131964,111857.59101319639,58347759.73806284,466.07,8,HIGH,100.0,False,226.24327777777742,DEADLINE_MISSED|HIGH_SCENARIO_FREIGHT_EXPOSURE|MULTI_VOYAGE_ALLOCATION,HEURISTIC_RISK_AWARE
CARGO-016,PANA-002,Panamax,Newcastle_Australia,Paradip,8178.0,69000.0,11.85217391304348,16.67,0.11358333333333333,2027-10-21 11:01:57.599999969,2027-11-07 05:50:19.199999966,2027-03-26,226.24327777776622,False,28.88408462274225,30.89,32.694154693761234,236214.04404478613,252618.42,267372.79708557937,500.1,233081.60700000002,469295.65104478615,485700.027,500454.4040855794,14754.377085579385,57051683.50342151,466.07,9,HIGH,100.0,False,226.24327777777742,DEADLINE_MISSED|HIGH_SCENARIO_FREIGHT_EXPOSURE|MULTI_VOYAGE_ALLOCATION,HEURISTIC_RISK_AWARE
CARGO-017,SUPRA-003,Supramax,Newcastle_Australia,Visakhapatnam,44000.0,44000.0,100.0,17.71,0.7333333333333334,2027-10-25 05:15:51.839999955,2027-11-12 15:54:15.839999952,2027-03-26,231.66268333332178,False,34.01757845825067,36.38,38.50480245254237,1496773.4521630295,1600720.0,1694211.3079118642,407.33000000000004,189844.2931,1686617.7452630294,1790564.2931,1884055.6010118644,93491.30791186448,59738957.0841996,466.07,1,MEDIUM,100.0,False,250.6893027777774,DEADLINE_MISSED|HIGH_SCENARIO_FREIGHT_EXPOSURE|MULTI_VOYAGE_ALLOCATION,HEURISTIC_RISK_AWARE
CARGO-017,PANA-001,Panamax,Newcastle_Australia,Visakhapatnam,75000.0,75000.0,100.0,16.35,1.25,2027-10-23 12:59:34.080000020,2027-11-10 03:23:34.080000020,2027-03-26,229.14136666666664,False,31.100183054464463,33.26,35.20257640383615,2332513.729084835,2494500.0,2640193.230287711,523.2,243847.82400000002,2576361.553084835,2738347.824,2884041.054287711,145693.23028771114,60074682.121267356,466.07,2,MEDIUM,100.0,False,250.6893027777774,DEADLINE_MISSED|HIGH_SCENARIO_FREIGHT_EXPOSURE|MULTI_VOYAGE_ALLOCATION,HEURISTIC_RISK_AWARE
CARGO-017,SUPRA-002,Supramax,Newcastle_Australia,Visakhapatnam,47000.0,47000.0,100.0,17.71,0.7833333333333333,2027-10-26 11:09:47.759999972,2027-11-13 23:00:11.759999969,2027-03-26,232.95846944443286,False,34.01757845825067,36.38,38.50480245254237,1598826.1875377814,1709860.0000000002,1809725.7152694915,425.04,198098.3928,1796924.5803377815,1907958.3928000003,2007824.1080694916,99865.71526949131,60182528.75425254,466.07,3,MEDIUM,100.0,False,250.6893027777774,DEADLINE_MISSED|HIGH_SCENARIO_FREIGHT_EXPOSURE|MULTI_VOYAGE_ALLOCATION,HEURISTIC_RISK_AWARE
CARGO-017,SUPRA-001,Supramax,Newcastle_Australia,Visakhapatnam,53000.0,53000.0,100.0,17.71,0.8833333333333333,2027-10-28 04:17:05.519999962,2027-11-15 18:31:29.519999959,2027-03-26,234.7718694444329,False,34.01757845825067,36.38,38.50480245254237,1802931.6582872854,1928140.0000000002,2040754.5299847457,460.46000000000004,214606.5922,2017538.2504872854,2142746.5922000003,2255361.1221847455,112614.5299847452,60875129.038802885,466.07,4,MEDIUM,100.0,False,250.6893027777774,DEADLINE_MISSED|HIGH_SCENARIO_FREIGHT_EXPOSURE|MULTI_VOYAGE_ALLOCATION,HEURISTIC_RISK_AWARE
CARGO-017,PANA-003,Panamax,Newcastle_Australia,Visakhapatnam,62000.0,62000.0,100.0,16.35,1.0333333333333334,2027-11-05 16:08:21.359999959,2027-11-23 01:20:21.359999956,2027-03-26,242.05580277776622,False,31.100183054464463,33.26,35.20257640383615,1928211.3493767967,2062119.9999999998,2182559.737037841,474.15000000000003,220987.09050000002,2149198.4398767967,2283107.0905,2403546.827537841,120439.73703784123,62839211.6929048,466.07,5,MEDIUM,100.0,False,250.6893027777774,DEADLINE_MISSED|HIGH_SCENARIO_FREIGHT_EXPOSURE|MULTI_VOYAGE_ALLOCATION,HEURISTIC_RISK_AWARE
CARGO-017,PANA-002,Panamax,Newcastle_Australia,Visakhapatnam,69000.0,69000.0,100.0,16.35,1.1500000000000001,2027-11-07 05:50:19.199999966,2027-11-24 17:50:19.199999966,2027-03-26,243.74327777776622,False,31.100183054464463,33.26,35.20257640383615,2145912.630758048,2294940.0,2428977.771864694,490.50000000000006,228607.33500000002,2374519.965758048,2523547.335,2657585.106864694,134037.77186469408,63506279.9995942,466.07,6,MEDIUM,100.0,False,250.6893027777774,DEADLINE_MISSED|HIGH_SCENARIO_FREIGHT_EXPOSURE|MULTI_VOYAGE_ALLOCATION,HEURISTIC_RISK_AWARE
CARGO-017,SUPRA-003,Supramax,Newcastle_Australia,Visakhapatnam,44000.0,44000.0,100.0,17.71,0.7333333333333334,2027-11-12 15:54:15.839999952,2027-12-01 02:32:39.839999949,2027-03-26,250.1060166666551,False,34.01757845825067,36.38,38.50480245254237,1496773.4521630295,1600720.0,1694211.3079118642,407.33000000000004,189844.2931,1686617.7452630294,1790564.2931,1884055.6010118644,93491.30791186448,64349790.417532936,466.07,7,MEDIUM,100.0,False,250.6893027777774,DEADLINE_MISSED|HIGH_SCENARIO_FREIGHT_EXPOSURE|MULTI_VOYAGE_ALLOCATION,HEURISTIC_RISK_AWARE
CARGO-017,PANA-001,Panamax,Newcastle_Australia,Visakhapatnam,75000.0,75000.0,100.0,16.35,1.25,2027-11-10 03:23:34.080000020,2027-11-27 17:47:34.080000020,2027-03-26,246.74136666666664,False,31.100183054464463,33.26,35.20257640383615,2332513.729084835,2494500.0,2640193.230287711,523.2,243847.82400000002,2576361.553084835,2738347.824,2884041.054287711,145693.23028771114,64474682.121267356,466.07,8,MEDIUM,100.0,False,250.6893027777774,DEADLINE_MISSED|HIGH_SCENARIO_FREIGHT_EXPOSURE|MULTI_VOYAGE_ALLOCATION,HEURISTIC_RISK_AWARE
CARGO-017,SUPRA-002,Supramax,Newcastle_Australia,Visakhapatnam,1250.0,47000.0,2.6595744680851063,17.71,0.020833333333333332,2027-11-13 23:00:11.759999969,2027-12-01 16:32:35.759999966,2027-03-26,250.6893027777662,False,34.01757845825067,36.38,38.50480245254237,42521.973072813336,45475.0,48131.00306567796,425.04,198098.3928,240620.36587281333,243573.3928,246229.39586567797,2656.003065677971,62916828.688314535,466.07,9,MEDIUM,100.0,False,250.6893027777774,DEADLINE_MISSED|HIGH_SCENARIO_FREIGHT_EXPOSURE|MULTI_VOYAGE_ALLOCATION,HEURISTIC_RISK_AWARE
CARGO-018,CAPE-003,Capesize,Newcastle_Australia,Dhamra,145000.0,145000.0,100.0,15.62,1.5104166666666667,2027-05-11 16:41:24.000000026,2027-05-28 19:49:12.000000028,2027-03-26,63.825833333333335,False,33.363034617657604,35.68,37.76391840315315,4837640.019560353,5173600.0,5475768.168457206,749.76,349440.6432,5187080.662760353,5523040.6432,5825208.811657206,302168.16845720634,21585257.835493356,466.07,1,MEDIUM,100.0,False,80.95625000000034,DEADLINE_MISSED|HIGH_SCENARIO_FREIGHT_EXPOSURE|MULTI_VOYAGE_ALLOCATION,HEURISTIC_RISK_AWARE
CARGO-018,CAPE-002,Capesize,Newcastle_Australia,Dhamra,163000.0,163000.0,100.0,15.62,1.6979166666666667,2027-05-09 09:29:39.300000017,2027-05-26 17:07:27.300000019,2027-03-26,61.713510416666665,False,33.363034617657604,35.68,37.76391840315315,5438174.642678189,5815840.0,6155518.699713963,812.24,378560.6968,5816735.339478189,6194400.6968,6534079.396513963,339678.6997139631,21741665.845866553,466.07,2,MEDIUM,100.0,False,80.95625000000034,DEADLINE_MISSED|HIGH_SCENARIO_FREIGHT_EXPOSURE|MULTI_VOYAGE_ALLOCATION,HEURISTIC_RISK_AWARE
CARGO-018,CAPE-003,Capesize,Newcastle_Australia,Dhamra,145000.0,145000.0,100.0,15.62,1.5104166666666667,2027-05-28 19:49:12.000000028,2027-06-14 22:57:00.000000030,2027-03-26,80.95625,False,33.363034617657604,35.68,37.76391840315315,4837640.019560353,5173600.0,5475768.168457206,749.76,349440.6432,5187080.662760353,5523040.6432,5825208.811657206,302168.16845720634,25867862.00216002,466.07,3,MEDIUM,100.0,False,80.95625000000034,DEADLINE_MISSED|HIGH_SCENARIO_FREIGHT_EXPOSURE|MULTI_VOYAGE_ALLOCATION,HEURISTIC_RISK_AWARE
CARGO-018,CAPE-002,Capesize,Newcastle_Australia,Dhamra,128515.0,163000.0,78.84355828220859,15.62,1.3386979166666666,2027-05-26 17:07:27.300000019,2027-06-12 16:07:58.800000021,2027-03-26,78.67220833333333,False,33.363034617657604,35.68,37.76391840315315,4287650.393888267,4585415.2,4853229.973581227,812.24,378560.6968,4666211.090688267,4963975.8968,5231790.670381227,267814.77358122636,24725763.150886763,466.07,4,MEDIUM,100.0,False,80.95625000000034,DEADLINE_MISSED|HIGH_SCENARIO_FREIGHT_EXPOSURE|MULTI_VOYAGE_ALLOCATION,HEURISTIC_RISK_AWARE
