feature,importance
numeric__rolling_mean_7,0.65398365
numeric__freight_rate_lag_1,0.17649348
categorical__origin_Kalimantan_Indonesia,0.012424149
numeric__month,0.009474627
numeric__port_congestion_index_change_7d,0.009176105
numeric__port_congestion_index_change_30d,0.008701767
categorical__origin_US_Gulf_USA,0.007870247
numeric__vessel_availability_index_change_7d,0.006934782
numeric__day_of_year,0.0068173185
numeric__quarter,0.0063594724
numeric__port_congestion_index,0.0063492125
numeric__vessel_availability_index,0.004950946
numeric__bunker_price_usd_per_mt_change_30d,0.004746102
numeric__vessel_availability_index_change_30d,0.004330227
categorical__vessel_type_Panamax,0.0040406957
numeric__rolling_mean_30,0.004030566
numeric__bunker_price_usd_per_mt_change_7d,0.003966139
numeric__bunker_price_usd_per_mt,0.0035160936
numeric__vessel_availability_index_lag_1,0.0029664498
numeric__crude_price_usd_per_bbl_lag_1,0.0028921308
numeric__crude_price_usd_per_bbl_lag_7,0.002759061
numeric__port_congestion_index_lag_1,0.0027526114
numeric__crude_price_usd_per_bbl_lag_14,0.0027359582
numeric__vessel_availability_index_lag_14,0.0025970128
numeric__coal_price_usd_per_mt_lag_1,0.0024886406
numeric__freight_rate_lag_30,0.002461485
numeric__coal_price_usd_per_mt_lag_30,0.0023445
numeric__coal_price_usd_per_mt_lag_7,0.0023325882
numeric__bunker_price_usd_per_mt_lag_14,0.0023279467
numeric__coal_price_usd_per_mt_lag_14,0.00232522
numeric__bunker_price_usd_per_mt_lag_30,0.0021373706
numeric__crude_price_usd_per_bbl,0.0020578164
numeric__coal_price_usd_per_mt_change_30d,0.0020317517
numeric__bunker_price_usd_per_mt_lag_7,0.0019677673
numeric__vessel_availability_index_lag_30,0.001960102
numeric__bunker_price_usd_per_mt_lag_1,0.0019492381
numeric__vessel_availability_index_lag_7,0.0017646913
numeric__port_congestion_index_lag_14,0.0017469521
numeric__crude_price_usd_per_bbl_change_7d,0.0015564921
numeric__port_congestion_index_lag_7,0.0015338399
numeric__rolling_std_30,0.0015332614
numeric__coal_price_usd_per_mt_change_7d,0.0015219237
numeric__crude_price_usd_per_bbl_lag_30,0.0014606753
numeric__crude_price_usd_per_bbl_change_30d,0.0012923107
numeric__coal_price_usd_per_mt,0.0012888565
numeric__port_congestion_index_lag_30,0.001266099
numeric__freight_rate_lag_7,0.0011456183
categorical__destination_Haldia,0.0007576429
categorical__origin_Newcastle_Australia,0.0006958964
numeric__freight_rate_lag_14,0.0006354278
categorical__vessel_type_Supramax,0.00063304935
categorical__destination_Sagar_Sandheads,0.0005597728
categorical__destination_Paradip,0.00050531415
categorical__origin_Richards_Bay_South_Africa,0.00047897157
categorical__destination_Visakhapatnam,0.0003927494
categorical__destination_Dhamra,0.0003672047
categorical__origin_Maputo_Mozambique,0.0003570062
categorical__destination_Gopalpur,0.00034541846
categorical__origin_Hay_Point_Australia,0.00031948325
categorical__destination_Gangavaram,0.0003076318
categorical__vessel_type_Capesize,0.00028057085
categorical__commodity_Coal,0.0
