forecast_date,origin,destination,vessel_type,commodity,forecast_day,forecast_freight_rate,base_forecast,low_scenario,base_scenario,high_scenario,scenario_spread
2026-09-21,Newcastle_Australia,Paradip,Capesize,Coal,1,35.58408737182617,35.58408737182617,33.04693667182617,35.19445687182617,37.12597337182618,4.07903670000001
2026-09-22,Newcastle_Australia,Paradip,Capesize,Coal,2,35.52971267700195,35.52971267700195,32.99256197700195,35.14008217700195,37.07159867700196,4.07903670000001
2026-09-23,Newcastle_Australia,Paradip,Capesize,Coal,3,35.156185150146484,35.156185150146484,32.61903445014648,34.76655465014648,36.69807115014649,4.07903670000001
2026-09-24,Newcastle_Australia,Paradip,Capesize,Coal,4,34.98847579956055,34.98847579956055,32.45132509956054,34.598845299560544,36.53036179956055,4.07903670000001
2026-09-25,Newcastle_Australia,Paradip,Capesize,Coal,5,34.792911529541016,34.792911529541016,32.25576082954101,34.40328102954101,36.33479752954102,4.07903670000001
2026-09-26,Newcastle_Australia,Paradip,Capesize,Coal,6,34.76357650756836,34.76357650756836,32.226425807568354,34.37394600756836,36.305462507568365,4.07903670000001
2026-09-27,Newcastle_Australia,Paradip,Capesize,Coal,7,34.49081039428711,34.49081039428711,31.953659694287108,34.10117989428711,36.032696394287115,4.079036700000007
2026-09-28,Newcastle_Australia,Paradip,Capesize,Coal,8,34.406646728515625,34.406646728515625,31.869496028515623,34.01701622851562,35.94853272851563,4.079036700000007
2026-09-29,Newcastle_Australia,Paradip,Capesize,Coal,9,34.131187438964844,34.131187438964844,31.594036738964842,33.74155693896484,35.67307343896485,4.079036700000007
2026-09-30,Newcastle_Australia,Paradip,Capesize,Coal,10,34.08244323730469,34.08244323730469,31.545292537304686,33.692812737304685,35.62432923730469,4.079036700000007
2026-10-01,Newcastle_Australia,Paradip,Capesize,Coal,11,34.27796173095703,34.27796173095703,31.74081103095703,33.88833123095703,35.819847730957036,4.079036700000007
2026-10-02,Newcastle_Australia,Paradip,Capesize,Coal,12,34.2331657409668,34.2331657409668,31.696015040966795,33.843535240966794,35.7750517409668,4.079036700000007
2026-10-03,Newcastle_Australia,Paradip,Capesize,Coal,13,34.07727813720703,34.07727813720703,31.54012743720703,33.68764763720703,35.619164137207036,4.079036700000007
2026-10-04,Newcastle_Australia,Paradip,Capesize,Coal,14,34.15512466430664,34.15512466430664,31.61797396430664,33.76549416430664,35.697010664306646,4.079036700000007
2026-10-05,Newcastle_Australia,Paradip,Capesize,Coal,15,34.116878509521484,34.116878509521484,31.579727809521483,33.72724800952148,35.65876450952149,4.079036700000007
2026-10-06,Newcastle_Australia,Paradip,Capesize,Coal,16,34.14826583862305,34.14826583862305,31.611115138623045,33.758635338623044,35.69015183862305,4.079036700000007
2026-10-07,Newcastle_Australia,Paradip,Capesize,Coal,17,33.84933090209961,33.84933090209961,31.312180202099608,33.45970040209961,35.391216902099615,4.079036700000007
2026-10-08,Newcastle_Australia,Paradip,Capesize,Coal,18,34.170066833496094,34.170066833496094,31.632916133496092,33.78043633349609,35.7119528334961,4.079036700000007
2026-10-09,Newcastle_Australia,Paradip,Capesize,Coal,19,33.8898811340332,33.8898811340332,31.3527304340332,33.5002506340332,35.43176713403321,4.079036700000007
2026-10-10,Newcastle_Australia,Paradip,Capesize,Coal,20,33.88626480102539,33.88626480102539,31.34911410102539,33.49663430102539,35.428150801025396,4.079036700000007
2026-10-11,Newcastle_Australia,Paradip,Capesize,Coal,21,33.72761154174805,33.72761154174805,31.190460841748045,33.337981041748044,35.26949754174805,4.079036700000007
2026-10-12,Newcastle_Australia,Paradip,Capesize,Coal,22,33.83985137939453,33.83985137939453,31.30270067939453,33.45022087939453,35.381737379394536,4.079036700000007
2026-10-13,Newcastle_Australia,Paradip,Capesize,Coal,23,33.625511169433594,33.625511169433594,31.088360469433592,33.23588066943359,35.1673971694336,4.079036700000007
2026-10-14,Newcastle_Australia,Paradip,Capesize,Coal,24,33.54726028442383,33.54726028442383,31.010109584423827,33.157629784423825,35.08914628442383,4.079036700000007
2026-10-15,Newcastle_Australia,Paradip,Capesize,Coal,25,33.52947998046875,33.52947998046875,30.99232928046875,33.13984948046875,35.071365980468755,4.079036700000007
2026-10-16,Newcastle_Australia,Paradip,Capesize,Coal,26,33.45865249633789,33.45865249633789,30.92150179633789,33.06902199633789,35.000538496337896,4.079036700000007
2026-10-17,Newcastle_Australia,Paradip,Capesize,Coal,27,33.269287109375,33.269287109375,30.732136409375,32.879656609375,34.811173109375005,4.079036700000007
2026-10-18,Newcastle_Australia,Paradip,Capesize,Coal,28,33.295265197753906,33.295265197753906,30.758114497753905,32.905634697753904,34.83715119775391,4.079036700000007
2026-10-19,Newcastle_Australia,Paradip,Capesize,Coal,29,33.142799377441406,33.142799377441406,30.605648677441405,32.753168877441404,34.68468537744141,4.079036700000007
2026-10-20,Newcastle_Australia,Paradip,Capesize,Coal,30,32.92982864379883,32.92982864379883,30.392677943798827,32.540198143798825,34.47171464379883,4.079036700000007
2026-10-21,Newcastle_Australia,Paradip,Capesize,Coal,31,33.11796569824219,33.11796569824219,30.580814998242186,32.728335198242185,34.65985169824219,4.079036700000007
2026-10-22,Newcastle_Australia,Paradip,Capesize,Coal,32,33.03563690185547,33.03563690185547,30.498486201855467,32.646006401855466,34.577522901855474,4.079036700000007
2026-10-23,Newcastle_Australia,Paradip,Capesize,Coal,33,32.872825622558594,32.872825622558594,30.335674922558592,32.48319512255859,34.4147116225586,4.079036700000007
2026-10-24,Newcastle_Australia,Paradip,Capesize,Coal,34,32.83973693847656,32.83973693847656,30.30258623847656,32.45010643847656,34.38162293847657,4.079036700000007
2026-10-25,Newcastle_Australia,Paradip,Capesize,Coal,35,32.76221466064453,32.76221466064453,30.22506396064453,32.37258416064453,34.304100660644536,4.079036700000007
2026-10-26,Newcastle_Australia,Paradip,Capesize,Coal,36,32.716590881347656,32.716590881347656,30.179440181347655,32.326960381347654,34.25847688134766,4.079036700000007
2026-10-27,Newcastle_Australia,Paradip,Capesize,Coal,37,32.716590881347656,32.716590881347656,30.179440181347655,32.326960381347654,34.25847688134766,4.079036700000007
2026-10-28,Newcastle_Australia,Paradip,Capesize,Coal,38,32.47479248046875,32.47479248046875,29.93764178046875,32.08516198046875,34.016678480468755,4.079036700000007
2026-10-29,Newcastle_Australia,Paradip,Capesize,Coal,39,32.464778900146484,32.464778900146484,29.927628200146483,32.07514840014648,34.00666490014649,4.079036700000007
2026-10-30,Newcastle_Australia,Paradip,Capesize,Coal,40,32.625709533691406,32.625709533691406,30.088558833691405,32.236079033691404,34.16759553369141,4.079036700000007
2026-10-31,Newcastle_Australia,Paradip,Capesize,Coal,41,32.55531692504883,32.55531692504883,30.018166225048827,32.165686425048825,34.09720292504883,4.079036700000007
2026-11-01,Newcastle_Australia,Paradip,Capesize,Coal,42,32.79446029663086,32.79446029663086,30.257309596630858,32.40482979663086,34.336346296630865,4.079036700000007
2026-11-02,Newcastle_Australia,Paradip,Capesize,Coal,43,32.71269607543945,32.71269607543945,30.17554537543945,32.32306557543945,34.25458207543946,4.079036700000007
2026-11-03,Newcastle_Australia,Paradip,Capesize,Coal,44,32.793724060058594,32.793724060058594,30.256573360058592,32.40409356005859,34.3356100600586,4.079036700000007
2026-11-04,Newcastle_Australia,Paradip,Capesize,Coal,45,32.92605972290039,32.92605972290039,30.38890902290039,32.53642922290039,34.467945722900396,4.079036700000007
2026-11-05,Newcastle_Australia,Paradip,Capesize,Coal,46,33.115455627441406,33.115455627441406,30.578304927441405,32.725825127441404,34.65734162744141,4.079036700000007
2026-11-06,Newcastle_Australia,Paradip,Capesize,Coal,47,33.07876968383789,33.07876968383789,30.54161898383789,32.68913918383789,34.620655683837896,4.079036700000007
2026-11-07,Newcastle_Australia,Paradip,Capesize,Coal,48,33.14824676513672,33.14824676513672,30.611096065136717,32.758616265136716,34.690132765136724,4.079036700000007
2026-11-08,Newcastle_Australia,Paradip,Capesize,Coal,49,33.140872955322266,33.140872955322266,30.603722255322264,32.75124245532226,34.68275895532227,4.079036700000007
2026-11-09,Newcastle_Australia,Paradip,Capesize,Coal,50,33.140872955322266,33.140872955322266,30.603722255322264,32.75124245532226,34.68275895532227,4.079036700000007
2026-11-10,Newcastle_Australia,Paradip,Capesize,Coal,51,33.11931610107422,33.11931610107422,30.582165401074217,32.729685601074216,34.661202101074224,4.079036700000007
2026-11-11,Newcastle_Australia,Paradip,Capesize,Coal,52,33.22406005859375,33.22406005859375,30.68690935859375,32.83442955859375,34.765946058593755,4.079036700000007
2026-11-12,Newcastle_Australia,Paradip,Capesize,Coal,53,33.11931610107422,33.11931610107422,30.582165401074217,32.729685601074216,34.661202101074224,4.079036700000007
2026-11-13,Newcastle_Australia,Paradip,Capesize,Coal,54,33.20302200317383,33.20302200317383,30.665871303173827,32.813391503173825,34.74490800317383,4.079036700000007
2026-11-14,Newcastle_Australia,Paradip,Capesize,Coal,55,33.083152770996094,33.083152770996094,30.546002070996092,32.69352227099609,34.6250387709961,4.079036700000007
2026-11-15,Newcastle_Australia,Paradip,Capesize,Coal,56,33.15308380126953,33.15308380126953,30.61593310126953,32.76345330126953,34.694969801269536,4.079036700000007
2026-11-16,Newcastle_Australia,Paradip,Capesize,Coal,57,33.02614212036133,33.02614212036133,30.488991420361327,32.636511620361325,34.56802812036133,4.079036700000007
2026-11-17,Newcastle_Australia,Paradip,Capesize,Coal,58,33.13088607788086,33.13088607788086,30.593735377880858,32.74125557788086,34.672772077880865,4.079036700000007
2026-11-18,Newcastle_Australia,Paradip,Capesize,Coal,59,32.968101501464844,32.968101501464844,30.430950801464842,32.57847100146484,34.50998750146485,4.079036700000007
2026-11-19,Newcastle_Australia,Paradip,Capesize,Coal,60,33.03871536254883,33.03871536254883,30.501564662548827,32.649084862548825,34.58060136254883,4.079036700000007
2026-11-20,Newcastle_Australia,Paradip,Capesize,Coal,61,32.993682861328125,32.993682861328125,30.456532161328123,32.60405236132812,34.53556886132813,4.079036700000007
2026-11-21,Newcastle_Australia,Paradip,Capesize,Coal,62,32.975955963134766,32.975955963134766,30.438805263134764,32.58632546313476,34.51784196313477,4.079036700000007
2026-11-22,Newcastle_Australia,Paradip,Capesize,Coal,63,32.92695236206055,32.92695236206055,30.389801662060545,32.537321862060544,34.46883836206055,4.079036700000007
2026-11-23,Newcastle_Australia,Paradip,Capesize,Coal,64,32.87479019165039,32.87479019165039,30.33763949165039,32.48515969165039,34.416676191650396,4.079036700000007
2026-11-24,Newcastle_Australia,Paradip,Capesize,Coal,65,32.87479019165039,32.87479019165039,30.33763949165039,32.48515969165039,34.416676191650396,4.079036700000007
2026-11-25,Newcastle_Australia,Paradip,Capesize,Coal,66,32.87479019165039,32.87479019165039,30.33763949165039,32.48515969165039,34.416676191650396,4.079036700000007
2026-11-26,Newcastle_Australia,Paradip,Capesize,Coal,67,32.87479019165039,32.87479019165039,30.33763949165039,32.48515969165039,34.416676191650396,4.079036700000007
2026-11-27,Newcastle_Australia,Paradip,Capesize,Coal,68,32.87479019165039,32.87479019165039,30.33763949165039,32.48515969165039,34.416676191650396,4.079036700000007
2026-11-28,Newcastle_Australia,Paradip,Capesize,Coal,69,32.9129524230957,32.9129524230957,30.3758017230957,32.5233219230957,34.45483842309571,4.079036700000007
2026-11-29,Newcastle_Australia,Paradip,Capesize,Coal,70,32.966285705566406,32.966285705566406,30.429135005566405,32.576655205566404,34.50817170556641,4.079036700000007
2026-11-30,Newcastle_Australia,Paradip,Capesize,Coal,71,32.96986389160156,32.96986389160156,30.43271319160156,32.58023339160156,34.51174989160157,4.079036700000007
2026-12-01,Newcastle_Australia,Paradip,Capesize,Coal,72,33.13431167602539,33.13431167602539,30.59716097602539,32.74468117602539,34.676197676025396,4.079036700000007
2026-12-02,Newcastle_Australia,Paradip,Capesize,Coal,73,33.10821533203125,33.10821533203125,30.57106463203125,32.71858483203125,34.650101332031255,4.079036700000007
2026-12-03,Newcastle_Australia,Paradip,Capesize,Coal,74,33.209930419921875,33.209930419921875,30.672779719921873,32.82029991992187,34.75181641992188,4.079036700000007
2026-12-04,Newcastle_Australia,Paradip,Capesize,Coal,75,33.339717864990234,33.339717864990234,30.802567164990233,32.95008736499023,34.88160386499024,4.079036700000007
2026-12-05,Newcastle_Australia,Paradip,Capesize,Coal,76,33.37094497680664,33.37094497680664,30.83379427680664,32.98131447680664,34.912830976806646,4.079036700000007
2026-12-06,Newcastle_Australia,Paradip,Capesize,Coal,77,33.4619026184082,33.4619026184082,30.9247519184082,33.0722721184082,35.00378861840821,4.079036700000007
2026-12-07,Newcastle_Australia,Paradip,Capesize,Coal,78,33.52275466918945,33.52275466918945,30.98560396918945,33.13312416918945,35.06464066918946,4.079036700000007
2026-12-08,Newcastle_Australia,Paradip,Capesize,Coal,79,33.551971435546875,33.551971435546875,31.014820735546873,33.16234093554687,35.09385743554688,4.079036700000007
2026-12-09,Newcastle_Australia,Paradip,Capesize,Coal,80,33.68977355957031,33.68977355957031,31.15262285957031,33.30014305957031,35.23165955957032,4.079036700000007
2026-12-10,Newcastle_Australia,Paradip,Capesize,Coal,81,33.70598602294922,33.70598602294922,31.168835322949217,33.316355522949216,35.247872022949224,4.079036700000007
2026-12-11,Newcastle_Australia,Paradip,Capesize,Coal,82,33.70598602294922,33.70598602294922,31.168835322949217,33.316355522949216,35.247872022949224,4.079036700000007
2026-12-12,Newcastle_Australia,Paradip,Capesize,Coal,83,33.81060028076172,33.81060028076172,31.273449580761717,33.420969780761716,35.352486280761724,4.079036700000007
2026-12-13,Newcastle_Australia,Paradip,Capesize,Coal,84,33.804874420166016,33.804874420166016,31.267723720166014,33.41524392016601,35.34676042016602,4.079036700000007
2026-12-14,Newcastle_Australia,Paradip,Capesize,Coal,85,33.87653350830078,33.87653350830078,31.33938280830078,33.48690300830078,35.418419508300786,4.079036700000007
2026-12-15,Newcastle_Australia,Paradip,Capesize,Coal,86,33.80756378173828,33.80756378173828,31.27041308173828,33.41793328173828,35.349449781738286,4.079036700000007
2026-12-16,Newcastle_Australia,Paradip,Capesize,Coal,87,33.80528259277344,33.80528259277344,31.268131892773436,33.415652092773435,35.34716859277344,4.079036700000007
2026-12-17,Newcastle_Australia,Paradip,Capesize,Coal,88,33.80528259277344,33.80528259277344,31.268131892773436,33.415652092773435,35.34716859277344,4.079036700000007
2026-12-18,Newcastle_Australia,Paradip,Capesize,Coal,89,33.67934799194336,33.67934799194336,31.142197291943358,33.28971749194336,35.221233991943365,4.079036700000007
2026-12-19,Newcastle_Australia,Paradip,Capesize,Coal,90,33.71852111816406,33.71852111816406,31.18137041816406,33.32889061816406,35.26040711816407,4.079036700000007
