forecast_date,origin,destination,vessel_type,commodity,forecast_day,forecast_freight_rate
2026-09-21,Newcastle_Australia,Paradip,Capesize,Coal,1,35.58408737182617
2026-09-22,Newcastle_Australia,Paradip,Capesize,Coal,2,35.52971267700195
2026-09-23,Newcastle_Australia,Paradip,Capesize,Coal,3,35.156185150146484
2026-09-24,Newcastle_Australia,Paradip,Capesize,Coal,4,34.98847579956055
2026-09-25,Newcastle_Australia,Paradip,Capesize,Coal,5,34.792911529541016
2026-09-26,Newcastle_Australia,Paradip,Capesize,Coal,6,34.76357650756836
2026-09-27,Newcastle_Australia,Paradip,Capesize,Coal,7,34.49081039428711
2026-09-28,Newcastle_Australia,Paradip,Capesize,Coal,8,34.406646728515625
2026-09-29,Newcastle_Australia,Paradip,Capesize,Coal,9,34.131187438964844
2026-09-30,Newcastle_Australia,Paradip,Capesize,Coal,10,34.08244323730469
2026-10-01,Newcastle_Australia,Paradip,Capesize,Coal,11,34.27796173095703
2026-10-02,Newcastle_Australia,Paradip,Capesize,Coal,12,34.2331657409668
2026-10-03,Newcastle_Australia,Paradip,Capesize,Coal,13,34.07727813720703
2026-10-04,Newcastle_Australia,Paradip,Capesize,Coal,14,34.15512466430664
2026-10-05,Newcastle_Australia,Paradip,Capesize,Coal,15,34.116878509521484
2026-10-06,Newcastle_Australia,Paradip,Capesize,Coal,16,34.14826583862305
2026-10-07,Newcastle_Australia,Paradip,Capesize,Coal,17,33.84933090209961
2026-10-08,Newcastle_Australia,Paradip,Capesize,Coal,18,34.170066833496094
2026-10-09,Newcastle_Australia,Paradip,Capesize,Coal,19,33.8898811340332
2026-10-10,Newcastle_Australia,Paradip,Capesize,Coal,20,33.88626480102539
2026-10-11,Newcastle_Australia,Paradip,Capesize,Coal,21,33.72761154174805
2026-10-12,Newcastle_Australia,Paradip,Capesize,Coal,22,33.83985137939453
2026-10-13,Newcastle_Australia,Paradip,Capesize,Coal,23,33.625511169433594
2026-10-14,Newcastle_Australia,Paradip,Capesize,Coal,24,33.54726028442383
2026-10-15,Newcastle_Australia,Paradip,Capesize,Coal,25,33.52947998046875
2026-10-16,Newcastle_Australia,Paradip,Capesize,Coal,26,33.45865249633789
2026-10-17,Newcastle_Australia,Paradip,Capesize,Coal,27,33.269287109375
2026-10-18,Newcastle_Australia,Paradip,Capesize,Coal,28,33.295265197753906
2026-10-19,Newcastle_Australia,Paradip,Capesize,Coal,29,33.142799377441406
2026-10-20,Newcastle_Australia,Paradip,Capesize,Coal,30,32.92982864379883
2026-10-21,Newcastle_Australia,Paradip,Capesize,Coal,31,33.11796569824219
2026-10-22,Newcastle_Australia,Paradip,Capesize,Coal,32,33.03563690185547
2026-10-23,Newcastle_Australia,Paradip,Capesize,Coal,33,32.872825622558594
2026-10-24,Newcastle_Australia,Paradip,Capesize,Coal,34,32.83973693847656
2026-10-25,Newcastle_Australia,Paradip,Capesize,Coal,35,32.76221466064453
2026-10-26,Newcastle_Australia,Paradip,Capesize,Coal,36,32.716590881347656
2026-10-27,Newcastle_Australia,Paradip,Capesize,Coal,37,32.716590881347656
2026-10-28,Newcastle_Australia,Paradip,Capesize,Coal,38,32.47479248046875
2026-10-29,Newcastle_Australia,Paradip,Capesize,Coal,39,32.464778900146484
2026-10-30,Newcastle_Australia,Paradip,Capesize,Coal,40,32.625709533691406
2026-10-31,Newcastle_Australia,Paradip,Capesize,Coal,41,32.55531692504883
2026-11-01,Newcastle_Australia,Paradip,Capesize,Coal,42,32.79446029663086
2026-11-02,Newcastle_Australia,Paradip,Capesize,Coal,43,32.71269607543945
2026-11-03,Newcastle_Australia,Paradip,Capesize,Coal,44,32.793724060058594
2026-11-04,Newcastle_Australia,Paradip,Capesize,Coal,45,32.92605972290039
2026-11-05,Newcastle_Australia,Paradip,Capesize,Coal,46,33.115455627441406
2026-11-06,Newcastle_Australia,Paradip,Capesize,Coal,47,33.07876968383789
2026-11-07,Newcastle_Australia,Paradip,Capesize,Coal,48,33.14824676513672
2026-11-08,Newcastle_Australia,Paradip,Capesize,Coal,49,33.140872955322266
2026-11-09,Newcastle_Australia,Paradip,Capesize,Coal,50,33.140872955322266
2026-11-10,Newcastle_Australia,Paradip,Capesize,Coal,51,33.11931610107422
2026-11-11,Newcastle_Australia,Paradip,Capesize,Coal,52,33.22406005859375
2026-11-12,Newcastle_Australia,Paradip,Capesize,Coal,53,33.11931610107422
2026-11-13,Newcastle_Australia,Paradip,Capesize,Coal,54,33.20302200317383
2026-11-14,Newcastle_Australia,Paradip,Capesize,Coal,55,33.083152770996094
2026-11-15,Newcastle_Australia,Paradip,Capesize,Coal,56,33.15308380126953
2026-11-16,Newcastle_Australia,Paradip,Capesize,Coal,57,33.02614212036133
2026-11-17,Newcastle_Australia,Paradip,Capesize,Coal,58,33.13088607788086
2026-11-18,Newcastle_Australia,Paradip,Capesize,Coal,59,32.968101501464844
2026-11-19,Newcastle_Australia,Paradip,Capesize,Coal,60,33.03871536254883
2026-11-20,Newcastle_Australia,Paradip,Capesize,Coal,61,32.993682861328125
2026-11-21,Newcastle_Australia,Paradip,Capesize,Coal,62,32.975955963134766
2026-11-22,Newcastle_Australia,Paradip,Capesize,Coal,63,32.92695236206055
2026-11-23,Newcastle_Australia,Paradip,Capesize,Coal,64,32.87479019165039
2026-11-24,Newcastle_Australia,Paradip,Capesize,Coal,65,32.87479019165039
2026-11-25,Newcastle_Australia,Paradip,Capesize,Coal,66,32.87479019165039
2026-11-26,Newcastle_Australia,Paradip,Capesize,Coal,67,32.87479019165039
2026-11-27,Newcastle_Australia,Paradip,Capesize,Coal,68,32.87479019165039
2026-11-28,Newcastle_Australia,Paradip,Capesize,Coal,69,32.9129524230957
2026-11-29,Newcastle_Australia,Paradip,Capesize,Coal,70,32.966285705566406
2026-11-30,Newcastle_Australia,Paradip,Capesize,Coal,71,32.96986389160156
2026-12-01,Newcastle_Australia,Paradip,Capesize,Coal,72,33.13431167602539
2026-12-02,Newcastle_Australia,Paradip,Capesize,Coal,73,33.10821533203125
2026-12-03,Newcastle_Australia,Paradip,Capesize,Coal,74,33.209930419921875
2026-12-04,Newcastle_Australia,Paradip,Capesize,Coal,75,33.339717864990234
2026-12-05,Newcastle_Australia,Paradip,Capesize,Coal,76,33.37094497680664
2026-12-06,Newcastle_Australia,Paradip,Capesize,Coal,77,33.4619026184082
2026-12-07,Newcastle_Australia,Paradip,Capesize,Coal,78,33.52275466918945
2026-12-08,Newcastle_Australia,Paradip,Capesize,Coal,79,33.551971435546875
2026-12-09,Newcastle_Australia,Paradip,Capesize,Coal,80,33.68977355957031
2026-12-10,Newcastle_Australia,Paradip,Capesize,Coal,81,33.70598602294922
2026-12-11,Newcastle_Australia,Paradip,Capesize,Coal,82,33.70598602294922
2026-12-12,Newcastle_Australia,Paradip,Capesize,Coal,83,33.81060028076172
2026-12-13,Newcastle_Australia,Paradip,Capesize,Coal,84,33.804874420166016
2026-12-14,Newcastle_Australia,Paradip,Capesize,Coal,85,33.87653350830078
2026-12-15,Newcastle_Australia,Paradip,Capesize,Coal,86,33.80756378173828
2026-12-16,Newcastle_Australia,Paradip,Capesize,Coal,87,33.80528259277344
2026-12-17,Newcastle_Australia,Paradip,Capesize,Coal,88,33.80528259277344
2026-12-18,Newcastle_Australia,Paradip,Capesize,Coal,89,33.67934799194336
2026-12-19,Newcastle_Australia,Paradip,Capesize,Coal,90,33.71852111816406
