cargo_id,vessel_id,vessel_type,destination,quantity_tonnes,vessel_capacity_mt,required_voyages,total_available_capacity_mt,feasible,reasons
CARGO-001,CAPE-001,Capesize,Paradip,364833.0,165000.0,3,495000.0,False,['Draft 18.2m exceeds port limit 16.0m']
CARGO-001,CAPE-002,Capesize,Paradip,364833.0,163000.0,3,489000.0,False,['Draft 18.0m exceeds port limit 16.0m']
CARGO-001,CAPE-003,Capesize,Paradip,364833.0,145000.0,3,435000.0,False,['Draft 16.8m exceeds port limit 16.0m']
CARGO-001,PANA-001,Panamax,Paradip,364833.0,75000.0,5,375000.0,True,[]
CARGO-001,PANA-002,Panamax,Paradip,364833.0,69000.0,6,414000.0,True,[]
CARGO-001,PANA-003,Panamax,Paradip,364833.0,62000.0,6,372000.0,True,[]
CARGO-001,SUPRA-001,Supramax,Paradip,364833.0,53000.0,7,371000.0,True,[]
CARGO-001,SUPRA-002,Supramax,Paradip,364833.0,47000.0,8,376000.0,True,[]
CARGO-001,SUPRA-003,Supramax,Paradip,364833.0,44000.0,9,396000.0,True,[]
CARGO-002,CAPE-001,Capesize,Visakhapatnam,691263.0,165000.0,5,825000.0,False,"['LOA 292m exceeds port limit 240m', 'Beam 45m exceeds port limit 36m', 'Draft 18.2m exceeds port limit 14.5m', 'Draft 18.2m exceeds approach depth 17.0m']"
CARGO-002,CAPE-002,Capesize,Visakhapatnam,691263.0,163000.0,5,815000.0,False,"['LOA 290m exceeds port limit 240m', 'Beam 45m exceeds port limit 36m', 'Draft 18.0m exceeds port limit 14.5m', 'Draft 18.0m exceeds approach depth 17.0m']"
CARGO-002,CAPE-003,Capesize,Visakhapatnam,691263.0,145000.0,5,725000.0,False,"['LOA 280m exceeds port limit 240m', 'Beam 43m exceeds port limit 36m', 'Draft 16.8m exceeds port limit 14.5m']"
CARGO-002,PANA-001,Panamax,Visakhapatnam,691263.0,75000.0,10,750000.0,True,[]
CARGO-002,PANA-002,Panamax,Visakhapatnam,691263.0,69000.0,11,759000.0,True,[]
CARGO-002,PANA-003,Panamax,Visakhapatnam,691263.0,62000.0,12,744000.0,True,[]
CARGO-002,SUPRA-001,Supramax,Visakhapatnam,691263.0,53000.0,14,742000.0,True,[]
CARGO-002,SUPRA-002,Supramax,Visakhapatnam,691263.0,47000.0,15,705000.0,True,[]
CARGO-002,SUPRA-003,Supramax,Visakhapatnam,691263.0,44000.0,16,704000.0,True,[]
CARGO-003,CAPE-001,Capesize,Dhamra,861063.0,165000.0,6,990000.0,False,['Draft 18.2m exceeds port limit 18.0m']
CARGO-003,CAPE-002,Capesize,Dhamra,861063.0,163000.0,6,978000.0,True,[]
CARGO-003,CAPE-003,Capesize,Dhamra,861063.0,145000.0,6,870000.0,True,[]
CARGO-003,PANA-001,Panamax,Dhamra,861063.0,75000.0,12,900000.0,True,[]
CARGO-003,PANA-002,Panamax,Dhamra,861063.0,69000.0,13,897000.0,True,[]
CARGO-003,PANA-003,Panamax,Dhamra,861063.0,62000.0,14,868000.0,True,[]
CARGO-003,SUPRA-001,Supramax,Dhamra,861063.0,53000.0,17,901000.0,True,[]
CARGO-003,SUPRA-002,Supramax,Dhamra,861063.0,47000.0,19,893000.0,True,[]
CARGO-003,SUPRA-003,Supramax,Dhamra,861063.0,44000.0,20,880000.0,True,[]
CARGO-004,CAPE-001,Capesize,Paradip,628409.0,165000.0,4,660000.0,False,['Draft 18.2m exceeds port limit 16.0m']
CARGO-004,CAPE-002,Capesize,Paradip,628409.0,163000.0,4,652000.0,False,['Draft 18.0m exceeds port limit 16.0m']
CARGO-004,CAPE-003,Capesize,Paradip,628409.0,145000.0,5,725000.0,False,['Draft 16.8m exceeds port limit 16.0m']
CARGO-004,PANA-001,Panamax,Paradip,628409.0,75000.0,9,675000.0,True,[]
CARGO-004,PANA-002,Panamax,Paradip,628409.0,69000.0,10,690000.0,True,[]
CARGO-004,PANA-003,Panamax,Paradip,628409.0,62000.0,11,682000.0,True,[]
CARGO-004,SUPRA-001,Supramax,Paradip,628409.0,53000.0,12,636000.0,True,[]
CARGO-004,SUPRA-002,Supramax,Paradip,628409.0,47000.0,14,658000.0,True,[]
CARGO-004,SUPRA-003,Supramax,Paradip,628409.0,44000.0,15,660000.0,True,[]
CARGO-005,CAPE-001,Capesize,Visakhapatnam,629861.0,165000.0,4,660000.0,False,"['LOA 292m exceeds port limit 240m', 'Beam 45m exceeds port limit 36m', 'Draft 18.2m exceeds port limit 14.5m', 'Draft 18.2m exceeds approach depth 17.0m']"
CARGO-005,CAPE-002,Capesize,Visakhapatnam,629861.0,163000.0,4,652000.0,False,"['LOA 290m exceeds port limit 240m', 'Beam 45m exceeds port limit 36m', 'Draft 18.0m exceeds port limit 14.5m', 'Draft 18.0m exceeds approach depth 17.0m']"
CARGO-005,CAPE-003,Capesize,Visakhapatnam,629861.0,145000.0,5,725000.0,False,"['LOA 280m exceeds port limit 240m', 'Beam 43m exceeds port limit 36m', 'Draft 16.8m exceeds port limit 14.5m']"
CARGO-005,PANA-001,Panamax,Visakhapatnam,629861.0,75000.0,9,675000.0,True,[]
CARGO-005,PANA-002,Panamax,Visakhapatnam,629861.0,69000.0,10,690000.0,True,[]
CARGO-005,PANA-003,Panamax,Visakhapatnam,629861.0,62000.0,11,682000.0,True,[]
CARGO-005,SUPRA-001,Supramax,Visakhapatnam,629861.0,53000.0,12,636000.0,True,[]
CARGO-005,SUPRA-002,Supramax,Visakhapatnam,629861.0,47000.0,14,658000.0,True,[]
CARGO-005,SUPRA-003,Supramax,Visakhapatnam,629861.0,44000.0,15,660000.0,True,[]
CARGO-006,CAPE-001,Capesize,Dhamra,819434.0,165000.0,5,825000.0,False,['Draft 18.2m exceeds port limit 18.0m']
CARGO-006,CAPE-002,Capesize,Dhamra,819434.0,163000.0,6,978000.0,True,[]
CARGO-006,CAPE-003,Capesize,Dhamra,819434.0,145000.0,6,870000.0,True,[]
CARGO-006,PANA-001,Panamax,Dhamra,819434.0,75000.0,11,825000.0,True,[]
CARGO-006,PANA-002,Panamax,Dhamra,819434.0,69000.0,12,828000.0,True,[]
CARGO-006,PANA-003,Panamax,Dhamra,819434.0,62000.0,14,868000.0,True,[]
CARGO-006,SUPRA-001,Supramax,Dhamra,819434.0,53000.0,16,848000.0,True,[]
CARGO-006,SUPRA-002,Supramax,Dhamra,819434.0,47000.0,18,846000.0,True,[]
CARGO-006,SUPRA-003,Supramax,Dhamra,819434.0,44000.0,19,836000.0,True,[]
CARGO-007,CAPE-001,Capesize,Paradip,760029.0,165000.0,5,825000.0,False,['Draft 18.2m exceeds port limit 16.0m']
CARGO-007,CAPE-002,Capesize,Paradip,760029.0,163000.0,5,815000.0,False,['Draft 18.0m exceeds port limit 16.0m']
CARGO-007,CAPE-003,Capesize,Paradip,760029.0,145000.0,6,870000.0,False,['Draft 16.8m exceeds port limit 16.0m']
CARGO-007,PANA-001,Panamax,Paradip,760029.0,75000.0,11,825000.0,True,[]
CARGO-007,PANA-002,Panamax,Paradip,760029.0,69000.0,12,828000.0,True,[]
CARGO-007,PANA-003,Panamax,Paradip,760029.0,62000.0,13,806000.0,True,[]
CARGO-007,SUPRA-001,Supramax,Paradip,760029.0,53000.0,15,795000.0,True,[]
CARGO-007,SUPRA-002,Supramax,Paradip,760029.0,47000.0,17,799000.0,True,[]
CARGO-007,SUPRA-003,Supramax,Paradip,760029.0,44000.0,18,792000.0,True,[]
CARGO-008,CAPE-001,Capesize,Visakhapatnam,643559.0,165000.0,4,660000.0,False,"['LOA 292m exceeds port limit 240m', 'Beam 45m exceeds port limit 36m', 'Draft 18.2m exceeds port limit 14.5m', 'Draft 18.2m exceeds approach depth 17.0m']"
CARGO-008,CAPE-002,Capesize,Visakhapatnam,643559.0,163000.0,4,652000.0,False,"['LOA 290m exceeds port limit 240m', 'Beam 45m exceeds port limit 36m', 'Draft 18.0m exceeds port limit 14.5m', 'Draft 18.0m exceeds approach depth 17.0m']"
CARGO-008,CAPE-003,Capesize,Visakhapatnam,643559.0,145000.0,5,725000.0,False,"['LOA 280m exceeds port limit 240m', 'Beam 43m exceeds port limit 36m', 'Draft 16.8m exceeds port limit 14.5m']"
CARGO-008,PANA-001,Panamax,Visakhapatnam,643559.0,75000.0,9,675000.0,True,[]
CARGO-008,PANA-002,Panamax,Visakhapatnam,643559.0,69000.0,10,690000.0,True,[]
CARGO-008,PANA-003,Panamax,Visakhapatnam,643559.0,62000.0,11,682000.0,True,[]
CARGO-008,SUPRA-001,Supramax,Visakhapatnam,643559.0,53000.0,13,689000.0,True,[]
CARGO-008,SUPRA-002,Supramax,Visakhapatnam,643559.0,47000.0,14,658000.0,True,[]
CARGO-008,SUPRA-003,Supramax,Visakhapatnam,643559.0,44000.0,15,660000.0,True,[]
CARGO-009,CAPE-001,Capesize,Dhamra,779275.0,165000.0,5,825000.0,False,['Draft 18.2m exceeds port limit 18.0m']
CARGO-009,CAPE-002,Capesize,Dhamra,779275.0,163000.0,5,815000.0,True,[]
CARGO-009,CAPE-003,Capesize,Dhamra,779275.0,145000.0,6,870000.0,True,[]
CARGO-009,PANA-001,Panamax,Dhamra,779275.0,75000.0,11,825000.0,True,[]
CARGO-009,PANA-002,Panamax,Dhamra,779275.0,69000.0,12,828000.0,True,[]
CARGO-009,PANA-003,Panamax,Dhamra,779275.0,62000.0,13,806000.0,True,[]
CARGO-009,SUPRA-001,Supramax,Dhamra,779275.0,53000.0,15,795000.0,True,[]
CARGO-009,SUPRA-002,Supramax,Dhamra,779275.0,47000.0,17,799000.0,True,[]
CARGO-009,SUPRA-003,Supramax,Dhamra,779275.0,44000.0,18,792000.0,True,[]
CARGO-010,CAPE-001,Capesize,Paradip,869720.0,165000.0,6,990000.0,False,['Draft 18.2m exceeds port limit 16.0m']
CARGO-010,CAPE-002,Capesize,Paradip,869720.0,163000.0,6,978000.0,False,['Draft 18.0m exceeds port limit 16.0m']
CARGO-010,CAPE-003,Capesize,Paradip,869720.0,145000.0,6,870000.0,False,['Draft 16.8m exceeds port limit 16.0m']
CARGO-010,PANA-001,Panamax,Paradip,869720.0,75000.0,12,900000.0,True,[]
CARGO-010,PANA-002,Panamax,Paradip,869720.0,69000.0,13,897000.0,True,[]
CARGO-010,PANA-003,Panamax,Paradip,869720.0,62000.0,15,930000.0,True,[]
CARGO-010,SUPRA-001,Supramax,Paradip,869720.0,53000.0,17,901000.0,True,[]
CARGO-010,SUPRA-002,Supramax,Paradip,869720.0,47000.0,19,893000.0,True,[]
CARGO-010,SUPRA-003,Supramax,Paradip,869720.0,44000.0,20,880000.0,True,[]
CARGO-011,CAPE-001,Capesize,Visakhapatnam,865254.0,165000.0,6,990000.0,False,"['LOA 292m exceeds port limit 240m', 'Beam 45m exceeds port limit 36m', 'Draft 18.2m exceeds port limit 14.5m', 'Draft 18.2m exceeds approach depth 17.0m']"
CARGO-011,CAPE-002,Capesize,Visakhapatnam,865254.0,163000.0,6,978000.0,False,"['LOA 290m exceeds port limit 240m', 'Beam 45m exceeds port limit 36m', 'Draft 18.0m exceeds port limit 14.5m', 'Draft 18.0m exceeds approach depth 17.0m']"
CARGO-011,CAPE-003,Capesize,Visakhapatnam,865254.0,145000.0,6,870000.0,False,"['LOA 280m exceeds port limit 240m', 'Beam 43m exceeds port limit 36m', 'Draft 16.8m exceeds port limit 14.5m']"
CARGO-011,PANA-001,Panamax,Visakhapatnam,865254.0,75000.0,12,900000.0,True,[]
CARGO-011,PANA-002,Panamax,Visakhapatnam,865254.0,69000.0,13,897000.0,True,[]
CARGO-011,PANA-003,Panamax,Visakhapatnam,865254.0,62000.0,14,868000.0,True,[]
CARGO-011,SUPRA-001,Supramax,Visakhapatnam,865254.0,53000.0,17,901000.0,True,[]
CARGO-011,SUPRA-002,Supramax,Visakhapatnam,865254.0,47000.0,19,893000.0,True,[]
CARGO-011,SUPRA-003,Supramax,Visakhapatnam,865254.0,44000.0,20,880000.0,True,[]
CARGO-012,CAPE-001,Capesize,Dhamra,801345.0,165000.0,5,825000.0,False,['Draft 18.2m exceeds port limit 18.0m']
CARGO-012,CAPE-002,Capesize,Dhamra,801345.0,163000.0,5,815000.0,True,[]
CARGO-012,CAPE-003,Capesize,Dhamra,801345.0,145000.0,6,870000.0,True,[]
CARGO-012,PANA-001,Panamax,Dhamra,801345.0,75000.0,11,825000.0,True,[]
CARGO-012,PANA-002,Panamax,Dhamra,801345.0,69000.0,12,828000.0,True,[]
CARGO-012,PANA-003,Panamax,Dhamra,801345.0,62000.0,13,806000.0,True,[]
CARGO-012,SUPRA-001,Supramax,Dhamra,801345.0,53000.0,16,848000.0,True,[]
CARGO-012,SUPRA-002,Supramax,Dhamra,801345.0,47000.0,18,846000.0,True,[]
CARGO-012,SUPRA-003,Supramax,Dhamra,801345.0,44000.0,19,836000.0,True,[]
CARGO-013,CAPE-001,Capesize,Paradip,361228.0,165000.0,3,495000.0,False,['Draft 18.2m exceeds port limit 16.0m']
CARGO-013,CAPE-002,Capesize,Paradip,361228.0,163000.0,3,489000.0,False,['Draft 18.0m exceeds port limit 16.0m']
CARGO-013,CAPE-003,Capesize,Paradip,361228.0,145000.0,3,435000.0,False,['Draft 16.8m exceeds port limit 16.0m']
CARGO-013,PANA-001,Panamax,Paradip,361228.0,75000.0,5,375000.0,True,[]
CARGO-013,PANA-002,Panamax,Paradip,361228.0,69000.0,6,414000.0,True,[]
CARGO-013,PANA-003,Panamax,Paradip,361228.0,62000.0,6,372000.0,True,[]
CARGO-013,SUPRA-001,Supramax,Paradip,361228.0,53000.0,7,371000.0,True,[]
CARGO-013,SUPRA-002,Supramax,Paradip,361228.0,47000.0,8,376000.0,True,[]
CARGO-013,SUPRA-003,Supramax,Paradip,361228.0,44000.0,9,396000.0,True,[]
CARGO-014,CAPE-001,Capesize,Visakhapatnam,781507.0,165000.0,5,825000.0,False,"['LOA 292m exceeds port limit 240m', 'Beam 45m exceeds port limit 36m', 'Draft 18.2m exceeds port limit 14.5m', 'Draft 18.2m exceeds approach depth 17.0m']"
CARGO-014,CAPE-002,Capesize,Visakhapatnam,781507.0,163000.0,5,815000.0,False,"['LOA 290m exceeds port limit 240m', 'Beam 45m exceeds port limit 36m', 'Draft 18.0m exceeds port limit 14.5m', 'Draft 18.0m exceeds approach depth 17.0m']"
CARGO-014,CAPE-003,Capesize,Visakhapatnam,781507.0,145000.0,6,870000.0,False,"['LOA 280m exceeds port limit 240m', 'Beam 43m exceeds port limit 36m', 'Draft 16.8m exceeds port limit 14.5m']"
CARGO-014,PANA-001,Panamax,Visakhapatnam,781507.0,75000.0,11,825000.0,True,[]
CARGO-014,PANA-002,Panamax,Visakhapatnam,781507.0,69000.0,12,828000.0,True,[]
CARGO-014,PANA-003,Panamax,Visakhapatnam,781507.0,62000.0,13,806000.0,True,[]
CARGO-014,SUPRA-001,Supramax,Visakhapatnam,781507.0,53000.0,15,795000.0,True,[]
CARGO-014,SUPRA-002,Supramax,Visakhapatnam,781507.0,47000.0,17,799000.0,True,[]
CARGO-014,SUPRA-003,Supramax,Visakhapatnam,781507.0,44000.0,18,792000.0,True,[]
CARGO-015,CAPE-001,Capesize,Dhamra,576100.0,165000.0,4,660000.0,False,['Draft 18.2m exceeds port limit 18.0m']
CARGO-015,CAPE-002,Capesize,Dhamra,576100.0,163000.0,4,652000.0,True,[]
CARGO-015,CAPE-003,Capesize,Dhamra,576100.0,145000.0,4,580000.0,True,[]
CARGO-015,PANA-001,Panamax,Dhamra,576100.0,75000.0,8,600000.0,True,[]
CARGO-015,PANA-002,Panamax,Dhamra,576100.0,69000.0,9,621000.0,True,[]
CARGO-015,PANA-003,Panamax,Dhamra,576100.0,62000.0,10,620000.0,True,[]
CARGO-015,SUPRA-001,Supramax,Dhamra,576100.0,53000.0,11,583000.0,True,[]
CARGO-015,SUPRA-002,Supramax,Dhamra,576100.0,47000.0,13,611000.0,True,[]
CARGO-015,SUPRA-003,Supramax,Dhamra,576100.0,44000.0,14,616000.0,True,[]
CARGO-016,CAPE-001,Capesize,Paradip,473178.0,165000.0,3,495000.0,False,['Draft 18.2m exceeds port limit 16.0m']
CARGO-016,CAPE-002,Capesize,Paradip,473178.0,163000.0,3,489000.0,False,['Draft 18.0m exceeds port limit 16.0m']
CARGO-016,CAPE-003,Capesize,Paradip,473178.0,145000.0,4,580000.0,False,['Draft 16.8m exceeds port limit 16.0m']
CARGO-016,PANA-001,Panamax,Paradip,473178.0,75000.0,7,525000.0,True,[]
CARGO-016,PANA-002,Panamax,Paradip,473178.0,69000.0,7,483000.0,True,[]
CARGO-016,PANA-003,Panamax,Paradip,473178.0,62000.0,8,496000.0,True,[]
CARGO-016,SUPRA-001,Supramax,Paradip,473178.0,53000.0,9,477000.0,True,[]
CARGO-016,SUPRA-002,Supramax,Paradip,473178.0,47000.0,11,517000.0,True,[]
CARGO-016,SUPRA-003,Supramax,Paradip,473178.0,44000.0,11,484000.0,True,[]
CARGO-017,CAPE-001,Capesize,Visakhapatnam,470250.0,165000.0,3,495000.0,False,"['LOA 292m exceeds port limit 240m', 'Beam 45m exceeds port limit 36m', 'Draft 18.2m exceeds port limit 14.5m', 'Draft 18.2m exceeds approach depth 17.0m']"
CARGO-017,CAPE-002,Capesize,Visakhapatnam,470250.0,163000.0,3,489000.0,False,"['LOA 290m exceeds port limit 240m', 'Beam 45m exceeds port limit 36m', 'Draft 18.0m exceeds port limit 14.5m', 'Draft 18.0m exceeds approach depth 17.0m']"
CARGO-017,CAPE-003,Capesize,Visakhapatnam,470250.0,145000.0,4,580000.0,False,"['LOA 280m exceeds port limit 240m', 'Beam 43m exceeds port limit 36m', 'Draft 16.8m exceeds port limit 14.5m']"
CARGO-017,PANA-001,Panamax,Visakhapatnam,470250.0,75000.0,7,525000.0,True,[]
CARGO-017,PANA-002,Panamax,Visakhapatnam,470250.0,69000.0,7,483000.0,True,[]
CARGO-017,PANA-003,Panamax,Visakhapatnam,470250.0,62000.0,8,496000.0,True,[]
CARGO-017,SUPRA-001,Supramax,Visakhapatnam,470250.0,53000.0,9,477000.0,True,[]
CARGO-017,SUPRA-002,Supramax,Visakhapatnam,470250.0,47000.0,11,517000.0,True,[]
CARGO-017,SUPRA-003,Supramax,Visakhapatnam,470250.0,44000.0,11,484000.0,True,[]
CARGO-018,CAPE-001,Capesize,Dhamra,581515.0,165000.0,4,660000.0,False,['Draft 18.2m exceeds port limit 18.0m']
CARGO-018,CAPE-002,Capesize,Dhamra,581515.0,163000.0,4,652000.0,True,[]
CARGO-018,CAPE-003,Capesize,Dhamra,581515.0,145000.0,5,725000.0,True,[]
CARGO-018,PANA-001,Panamax,Dhamra,581515.0,75000.0,8,600000.0,True,[]
CARGO-018,PANA-002,Panamax,Dhamra,581515.0,69000.0,9,621000.0,True,[]
CARGO-018,PANA-003,Panamax,Dhamra,581515.0,62000.0,10,620000.0,True,[]
CARGO-018,SUPRA-001,Supramax,Dhamra,581515.0,53000.0,11,583000.0,True,[]
CARGO-018,SUPRA-002,Supramax,Dhamra,581515.0,47000.0,13,611000.0,True,[]
CARGO-018,SUPRA-003,Supramax,Dhamra,581515.0,44000.0,14,616000.0,True,[]
