cargo_id,commodity,priority,origin,destination,vessel_id,vessel_type,cargo_quantity_mt,vessel_capacity_mt,capacity_utilization_pct,required_voyages,distance_nm,sailing_days_per_voyage,total_sailing_days,cargo_handling_rate_tph,total_handling_days,total_operational_days,fuel_consumption_mt_per_day,fuel_consumption_mt_per_voyage,total_fuel_consumption_mt,bunker_price_usd_per_mt,total_fuel_cost_usd,freight_rate_usd_per_mt,freight_rate_date,total_freight_cost_usd,total_cost_usd,total_cost_usd_per_mt,earliest_arrival,estimated_arrival,required_by,deadline_days_margin,deadline_feasible,port_congestion_index,bunker_price_date,status,risk_base_freight_rate,risk_low_freight_rate,risk_high_freight_rate,risk_low_freight_cost,risk_base_freight_cost,risk_high_freight_cost,freight_downside_exposure_usd,freight_upside_exposure_usd,risk_low_total_cost_usd,risk_base_total_cost_usd,risk_high_total_cost_usd,total_cost_downside_exposure_usd,deadline_risk,market_risk_level,scenario_spread_pct,forecast_error_std,risk_interpretation
CARGO-001,Coking_Coal,HIGH,Newcastle_Australia,Paradip,PANA-001,Panamax,364833.0,75000.0,97.29,5,5200.0,16.67,83.35,3000.0,5.07,88.42,32.0,533.44,2667.2,466.07,1243101.9,30.89,2026-09-20,11269691.37,12512793.27,34.2973,2026-10-01,2026-12-28 10:00:39.600000001,2026-10-26,-63.42,False,0.35,2026-09-20,CALCULATED,30.89,28.88329870002262,32.69486156613464,10537580.514625354,11269691.370000001,11928164.429757599,658473.0597575977,732110.8553746473,11780682.414625352,12512793.27,13171266.329757597,658473.0597575977,HIGH,MEDIUM,12.33914815834257,1.8530600872142051,Market uncertainty combined with current sequential deadline exposure
CARGO-001,Coking_Coal,HIGH,Newcastle_Australia,Paradip,PANA-002,Panamax,364833.0,69000.0,88.12,6,5200.0,16.67,100.02,3000.0,5.07,105.09,30.0,500.1,3000.6,466.07,1398489.64,30.89,2026-09-20,11269691.37,12668181.01,34.7232,2026-10-01,2027-01-14 02:05:27.600000002,2026-10-26,-80.09,False,0.35,2026-09-20,CALCULATED,30.89,28.88329870002262,32.69486156613464,10537580.514625354,11269691.370000001,11928164.429757599,658473.0597575977,732110.8553746473,11936070.154625352,12668181.01,13326654.069757598,658473.0597575977,HIGH,MEDIUM,12.33914815834257,1.8530600872142051,Market uncertainty combined with current sequential deadline exposure
CARGO-001,Coking_Coal,HIGH,Newcastle_Australia,Paradip,PANA-003,Panamax,364833.0,62000.0,98.07,6,5200.0,16.67,100.02,3000.0,5.07,105.09,29.0,483.43,2900.58,466.07,1351873.32,30.89,2026-09-20,11269691.37,12621564.69,34.5955,2026-10-01,2027-01-14 02:05:27.600000002,2026-10-26,-80.09,False,0.35,2026-09-20,CALCULATED,30.89,28.88329870002262,32.69486156613464,10537580.514625354,11269691.370000001,11928164.429757599,658473.0597575977,732110.8553746473,11889453.834625352,12621564.69,13280037.749757597,658473.0597575977,HIGH,MEDIUM,12.33914815834257,1.8530600872142051,Market uncertainty combined with current sequential deadline exposure
CARGO-001,Coking_Coal,HIGH,Newcastle_Australia,Paradip,SUPRA-001,Supramax,364833.0,53000.0,98.34,7,5200.0,18.06,126.42,3000.0,5.07,131.49,26.0,469.56,3286.92,466.07,1531934.8,36.2,2026-09-20,13206954.6,14738889.4,40.399,2026-10-01,2027-02-09 11:41:27.600000000,2026-10-26,-106.49,False,0.35,2026-09-20,CALCULATED,36.2,33.84834616189119,38.3151177952112,12348993.675281249,13206954.600000001,13978619.370580288,771664.7705802862,857960.9247187525,13880928.475281248,14738889.4,15510554.170580287,771664.7705802862,HIGH,MEDIUM,12.33914815834257,1.8530600872142051,Market uncertainty combined with current sequential deadline exposure
CARGO-001,Coking_Coal,HIGH,Newcastle_Australia,Paradip,SUPRA-002,Supramax,364833.0,47000.0,97.03,8,5200.0,18.06,144.48,3000.0,5.07,149.55,24.0,433.44,3467.52,466.07,1616107.05,36.2,2026-09-20,13206954.6,14823061.65,40.6297,2026-10-01,2027-02-27 13:07:51.600000000,2026-10-26,-124.55,False,0.35,2026-09-20,CALCULATED,36.2,33.84834616189119,38.3151177952112,12348993.675281249,13206954.600000001,13978619.370580288,771664.7705802862,857960.9247187525,13965100.725281248,14823061.65,15594726.420580287,771664.7705802862,HIGH,MEDIUM,12.33914815834257,1.8530600872142051,Market uncertainty combined with current sequential deadline exposure
CARGO-001,Coking_Coal,HIGH,Newcastle_Australia,Paradip,SUPRA-003,Supramax,364833.0,44000.0,92.13,9,5200.0,18.06,162.54,3000.0,5.07,167.61,23.0,415.38,3738.42,466.07,1742365.41,36.2,2026-09-20,13206954.6,14949320.01,40.9758,2026-10-01,2027-03-17 14:34:15.600000000,2026-10-26,-142.61,False,0.35,2026-09-20,CALCULATED,36.2,33.84834616189119,38.3151177952112,12348993.675281249,13206954.600000001,13978619.370580288,771664.7705802862,857960.9247187525,14091359.085281247,14949320.01,15720984.780580286,771664.7705802862,HIGH,MEDIUM,12.33914815834257,1.8530600872142051,Market uncertainty combined with current sequential deadline exposure
CARGO-002,Coking_Coal,MEDIUM,Newcastle_Australia,Visakhapatnam,PANA-001,Panamax,691263.0,75000.0,92.17,10,5100.0,16.35,163.5,2500.0,11.52,175.02,32.0,523.2,5232.0,466.07,2438478.24,33.26,2026-09-20,22991407.38,25429885.62,36.7876,2026-10-01,2027-03-25 00:30:18.719999998,2026-10-26,-150.02,False,0.35,2026-09-20,CALCULATED,33.26,31.09933683272102,35.20333751018576,21497820.87699723,22991407.38,24334764.69730354,1343357.317303542,1493586.5030027702,23936299.11699723,25429885.62,26773242.937303543,1343357.317303542,HIGH,MEDIUM,12.33914815834257,1.8530600872142051,Market uncertainty combined with current sequential deadline exposure
CARGO-002,Coking_Coal,MEDIUM,Newcastle_Australia,Visakhapatnam,PANA-002,Panamax,691263.0,69000.0,91.08,11,5100.0,16.35,179.85,2500.0,11.52,191.37,30.0,490.5,5395.5,466.07,2514680.69,33.26,2026-09-20,22991407.38,25506088.06,36.8978,2026-10-01,2027-04-10 08:54:18.720000004,2026-10-26,-166.37,False,0.35,2026-09-20,CALCULATED,33.26,31.09933683272102,35.20333751018576,21497820.87699723,22991407.38,24334764.69730354,1343357.317303542,1493586.5030027702,24012501.55699723,25506088.06,26849445.37730354,1343357.317303542,HIGH,MEDIUM,12.33914815834257,1.8530600872142051,Market uncertainty combined with current sequential deadline exposure
CARGO-002,Coking_Coal,MEDIUM,Newcastle_Australia,Visakhapatnam,PANA-003,Panamax,691263.0,62000.0,92.91,12,5100.0,16.35,196.2,2500.0,11.52,207.72,29.0,474.15,5689.8,466.07,2651845.09,33.26,2026-09-20,22991407.38,25643252.47,37.0962,2026-10-01,2027-04-26 17:18:18.720000002,2026-10-26,-182.72,False,0.35,2026-09-20,CALCULATED,33.26,31.09933683272102,35.20333751018576,21497820.87699723,22991407.38,24334764.69730354,1343357.317303542,1493586.5030027702,24149665.96699723,25643252.47,26986609.78730354,1343357.317303542,HIGH,MEDIUM,12.33914815834257,1.8530600872142051,Market uncertainty combined with current sequential deadline exposure
CARGO-002,Coking_Coal,MEDIUM,Newcastle_Australia,Visakhapatnam,SUPRA-001,Supramax,691263.0,53000.0,93.16,14,5100.0,17.71,247.94,2500.0,11.52,259.46,26.0,460.46,6446.44,466.07,3004492.29,36.38,2026-09-20,25148147.94,28152640.23,40.7264,2026-10-01,2027-06-17 11:03:54.720000000,2026-10-26,-234.46,False,0.35,2026-09-20,CALCULATED,36.38,34.016652855513854,38.505634955518886,23514453.502861075,25148147.94,26617520.736256853,1469372.7962568514,1633694.4371389262,26518945.792861074,28152640.23,29622013.02625685,1469372.7962568514,HIGH,MEDIUM,12.33914815834257,1.8530600872142051,Market uncertainty combined with current sequential deadline exposure
CARGO-002,Coking_Coal,MEDIUM,Newcastle_Australia,Visakhapatnam,SUPRA-002,Supramax,691263.0,47000.0,98.05,15,5100.0,17.71,265.65,2500.0,11.52,277.17,24.0,425.04,6375.6,466.07,2971475.89,36.38,2026-09-20,25148147.94,28119623.83,40.6786,2026-10-01,2027-07-05 04:06:18.720000004,2026-10-26,-252.17,False,0.35,2026-09-20,CALCULATED,36.38,34.016652855513854,38.505634955518886,23514453.502861075,25148147.94,26617520.736256853,1469372.7962568514,1633694.4371389262,26485929.392861072,28119623.83,29588996.62625685,1469372.7962568514,HIGH,MEDIUM,12.33914815834257,1.8530600872142051,Market uncertainty combined with current sequential deadline exposure
CARGO-002,Coking_Coal,MEDIUM,Newcastle_Australia,Visakhapatnam,SUPRA-003,Supramax,691263.0,44000.0,98.19,16,5100.0,17.71,283.36,2500.0,11.52,294.88,23.0,407.33,6517.28,466.07,3037508.69,36.38,2026-09-20,25148147.94,28185656.63,40.7741,2026-10-01,2027-07-22 21:08:42.720000004,2026-10-26,-269.88,False,0.35,2026-09-20,CALCULATED,36.38,34.016652855513854,38.505634955518886,23514453.502861075,25148147.94,26617520.736256853,1469372.7962568514,1633694.4371389262,26551962.192861073,28185656.63,29655029.42625685,1469372.7962568514,HIGH,MEDIUM,12.33914815834257,1.8530600872142051,Market uncertainty combined with current sequential deadline exposure
CARGO-003,Coking_Coal,MEDIUM,Newcastle_Australia,Dhamra,CAPE-002,Capesize,861063.0,163000.0,88.04,6,5250.0,15.62,93.72,4000.0,8.97,102.69,52.0,812.24,4873.44,466.07,2271364.18,35.68,2026-09-20,30722727.84,32994092.02,38.3179,2026-10-01,2027-01-11 16:32:44.700000001,2026-10-26,-77.69,False,0.3,2026-09-20,CALCULATED,35.68,33.36212682475905,37.76473488765568,28726893.010107502,30722727.84,32517815.91656946,1795088.0765694603,1995834.8298924975,30998257.190107502,32994092.02,34789180.09656946,1795088.076569464,HIGH,MEDIUM,12.33914815834257,1.8530600872142051,Market uncertainty combined with current sequential deadline exposure
CARGO-003,Coking_Coal,MEDIUM,Newcastle_Australia,Dhamra,CAPE-003,Capesize,861063.0,145000.0,98.97,6,5250.0,15.62,93.72,4000.0,8.97,102.69,48.0,749.76,4498.56,466.07,2096643.86,35.68,2026-09-20,30722727.84,32819371.7,38.1149,2026-10-01,2027-01-11 16:32:44.700000001,2026-10-26,-77.69,False,0.3,2026-09-20,CALCULATED,35.68,33.36212682475905,37.76473488765568,28726893.010107502,30722727.84,32517815.91656946,1795088.0765694603,1995834.8298924975,30823536.8701075,32819371.7,34614459.776569456,1795088.0765694566,HIGH,MEDIUM,12.33914815834257,1.8530600872142051,Market uncertainty combined with current sequential deadline exposure
CARGO-003,Coking_Coal,MEDIUM,Newcastle_Australia,Dhamra,PANA-001,Panamax,861063.0,75000.0,95.67,12,5250.0,16.83,201.96,4000.0,8.97,210.93,32.0,538.56,6462.72,466.07,3012079.91,34.16,2026-09-20,29413912.08,32425991.99,37.6581,2026-10-01,2027-04-29 22:18:20.700000000,2026-10-26,-185.93,False,0.3,2026-09-20,CALCULATED,34.16,31.940870300834334,36.15592331172416,27503101.603847314,29413912.08,31132527.79456314,1718615.7145631425,1910810.4761526845,30515181.513847314,32425991.99,34144607.70456314,1718615.7145631425,HIGH,MEDIUM,12.33914815834257,1.8530600872142051,Market uncertainty combined with current sequential deadline exposure
CARGO-003,Coking_Coal,MEDIUM,Newcastle_Australia,Dhamra,PANA-002,Panamax,861063.0,69000.0,95.99,13,5250.0,16.83,218.79,4000.0,8.97,227.76,30.0,504.9,6563.7,466.07,3059143.66,34.16,2026-09-20,29413912.08,32473055.74,37.7128,2026-10-01,2027-05-16 18:13:32.699999996,2026-10-26,-202.76,False,0.3,2026-09-20,CALCULATED,34.16,31.940870300834334,36.15592331172416,27503101.603847314,29413912.08,31132527.79456314,1718615.7145631425,1910810.4761526845,30562245.263847314,32473055.74,34191671.45456314,1718615.7145631425,HIGH,MEDIUM,12.33914815834257,1.8530600872142051,Market uncertainty combined with current sequential deadline exposure
CARGO-003,Coking_Coal,MEDIUM,Newcastle_Australia,Dhamra,PANA-003,Panamax,861063.0,62000.0,99.2,14,5250.0,16.83,235.62,4000.0,8.97,244.59,29.0,488.07,6832.98,466.07,3184646.99,34.16,2026-09-20,29413912.08,32598559.07,37.8585,2026-10-01,2027-06-02 14:08:44.700000000,2026-10-26,-219.59,False,0.3,2026-09-20,CALCULATED,34.16,31.940870300834334,36.15592331172416,27503101.603847314,29413912.08,31132527.79456314,1718615.7145631425,1910810.4761526845,30687748.593847316,32598559.07,34317174.78456314,1718615.7145631388,HIGH,MEDIUM,12.33914815834257,1.8530600872142051,Market uncertainty combined with current sequential deadline exposure
CARGO-003,Coking_Coal,MEDIUM,Newcastle_Australia,Dhamra,SUPRA-001,Supramax,861063.0,53000.0,95.57,17,5250.0,18.23,309.91,4000.0,8.97,318.88,26.0,473.98,8057.66,466.07,3755433.6,36.85,2026-09-20,31730171.55,35485605.15,41.2114,2026-10-01,2027-08-15 21:06:20.700000004,2026-10-26,-293.88,False,0.3,2026-09-20,CALCULATED,36.85,34.456120333306366,39.0030964296556,29668890.34255778,31730171.55,33584123.22100854,1853951.6710085385,2061281.2074422203,33424323.94255778,35485605.15,37339556.82100853,1853951.6710085347,HIGH,MEDIUM,12.33914815834257,1.8530600872142051,Market uncertainty combined with current sequential deadline exposure
CARGO-003,Coking_Coal,MEDIUM,Newcastle_Australia,Dhamra,SUPRA-002,Supramax,861063.0,47000.0,96.42,19,5250.0,18.23,346.37,4000.0,8.97,355.34,24.0,437.52,8312.88,466.07,3874383.98,36.85,2026-09-20,31730171.55,35604555.53,41.3495,2026-10-01,2027-09-21 08:08:44.700000000,2026-10-26,-330.34,False,0.3,2026-09-20,CALCULATED,36.85,34.456120333306366,39.0030964296556,29668890.34255778,31730171.55,33584123.22100854,1853951.6710085385,2061281.2074422203,33543274.32255778,35604555.53,37458507.20100854,1853951.6710085422,HIGH,MEDIUM,12.33914815834257,1.8530600872142051,Market uncertainty combined with current sequential deadline exposure
CARGO-003,Coking_Coal,MEDIUM,Newcastle_Australia,Dhamra,SUPRA-003,Supramax,861063.0,44000.0,97.85,20,5250.0,18.23,364.6,4000.0,8.97,373.57,23.0,419.29,8385.8,466.07,3908369.81,36.85,2026-09-20,31730171.55,35638541.36,41.389,2026-10-01,2027-10-09 13:39:56.700000000,2026-10-26,-348.57,False,0.3,2026-09-20,CALCULATED,36.85,34.456120333306366,39.0030964296556,29668890.34255778,31730171.55,33584123.22100854,1853951.6710085385,2061281.2074422203,33577260.152557775,35638541.36,37492493.03100854,1853951.6710085422,HIGH,MEDIUM,12.33914815834257,1.8530600872142051,Market uncertainty combined with current sequential deadline exposure
CARGO-004,Coking_Coal,HIGH,Newcastle_Australia,Paradip,PANA-001,Panamax,628409.0,75000.0,93.1,9,5200.0,16.67,150.03,3000.0,8.73,158.76,32.0,533.44,4800.96,466.07,2237583.43,30.89,2026-09-20,19411554.01,21649137.44,34.4507,2026-11-01,2027-04-08 18:11:22.800000002,2026-11-26,-133.76,False,0.35,2026-09-20,CALCULATED,30.89,28.88329870002262,32.69486156613464,18150524.852782514,19411554.01,20545745.261913102,1134191.2519131005,1261029.1572174877,20388108.282782514,21649137.44,22783328.6919131,1134191.2519131005,HIGH,MEDIUM,12.33914815834257,1.8530600872142051,Market uncertainty combined with current sequential deadline exposure
CARGO-004,Coking_Coal,HIGH,Newcastle_Australia,Paradip,PANA-002,Panamax,628409.0,69000.0,91.07,10,5200.0,16.67,166.7,3000.0,8.73,175.43,30.0,500.1,5001.0,466.07,2330816.07,30.89,2026-09-20,19411554.01,21742370.08,34.5991,2026-11-01,2027-04-25 10:16:10.800000000,2026-11-26,-150.43,False,0.35,2026-09-20,CALCULATED,30.89,28.88329870002262,32.69486156613464,18150524.852782514,19411554.01,20545745.261913102,1134191.2519131005,1261029.1572174877,20481340.92278251,21742370.08,22876561.3319131,1134191.2519131005,HIGH,MEDIUM,12.33914815834257,1.8530600872142051,Market uncertainty combined with current sequential deadline exposure
CARGO-004,Coking_Coal,HIGH,Newcastle_Australia,Paradip,PANA-003,Panamax,628409.0,62000.0,92.14,11,5200.0,16.67,183.37,3000.0,8.73,192.1,29.0,483.43,5317.73,466.07,2478434.42,30.89,2026-09-20,19411554.01,21889988.43,34.834,2026-11-01,2027-05-12 02:20:58.800000000,2026-11-26,-167.1,False,0.35,2026-09-20,CALCULATED,30.89,28.88329870002262,32.69486156613464,18150524.852782514,19411554.01,20545745.261913102,1134191.2519131005,1261029.1572174877,20628959.272782512,21889988.43,23024179.6819131,1134191.2519131005,HIGH,MEDIUM,12.33914815834257,1.8530600872142051,Market uncertainty combined with current sequential deadline exposure
CARGO-004,Coking_Coal,HIGH,Newcastle_Australia,Paradip,SUPRA-001,Supramax,628409.0,53000.0,98.81,12,5200.0,18.06,216.72,3000.0,8.73,225.45,26.0,469.56,5634.72,466.07,2626173.95,36.2,2026-09-20,22748405.8,25374579.75,40.3791,2026-11-01,2027-06-14 10:44:58.800000000,2026-11-26,-200.45,False,0.35,2026-09-20,CALCULATED,36.2,33.84834616189119,38.3151177952112,21270605.363247883,22748405.8,24077564.858570874,1329159.058570873,1477800.4367521182,23896779.31324788,25374579.75,26703738.808570873,1329159.058570873,HIGH,MEDIUM,12.33914815834257,1.8530600872142051,Market uncertainty combined with current sequential deadline exposure
CARGO-004,Coking_Coal,HIGH,Newcastle_Australia,Paradip,SUPRA-002,Supramax,628409.0,47000.0,95.5,14,5200.0,18.06,252.84,3000.0,8.73,261.57,24.0,433.44,6068.16,466.07,2828187.33,36.2,2026-09-20,22748405.8,25576593.13,40.7006,2026-11-01,2027-07-20 13:37:46.799999996,2026-11-26,-236.57,False,0.35,2026-09-20,CALCULATED,36.2,33.84834616189119,38.3151177952112,21270605.363247883,22748405.8,24077564.858570874,1329159.058570873,1477800.4367521182,24098792.69324788,25576593.13,26905752.188570872,1329159.058570873,HIGH,MEDIUM,12.33914815834257,1.8530600872142051,Market uncertainty combined with current sequential deadline exposure
CARGO-004,Coking_Coal,HIGH,Newcastle_Australia,Paradip,SUPRA-003,Supramax,628409.0,44000.0,95.21,15,5200.0,18.06,270.9,3000.0,8.73,279.63,23.0,415.38,6230.7,466.07,2903942.35,36.2,2026-09-20,22748405.8,25652348.15,40.8211,2026-11-01,2027-08-07 15:04:10.799999996,2026-11-26,-254.63,False,0.35,2026-09-20,CALCULATED,36.2,33.84834616189119,38.3151177952112,21270605.363247883,22748405.8,24077564.858570874,1329159.058570873,1477800.4367521182,24174547.71324788,25652348.15,26981507.20857087,1329159.058570873,HIGH,MEDIUM,12.33914815834257,1.8530600872142051,Market uncertainty combined with current sequential deadline exposure
CARGO-005,Coking_Coal,MEDIUM,Newcastle_Australia,Visakhapatnam,PANA-001,Panamax,629861.0,75000.0,93.31,9,5100.0,16.35,147.15,2500.0,10.5,157.65,32.0,523.2,4708.8,466.07,2194630.42,33.26,2026-09-20,20949176.86,23143807.28,36.7443,2026-11-01,2027-04-07 15:32:39.840000000,2026-11-26,-132.65,False,0.35,2026-09-20,CALCULATED,33.26,31.09933683272102,35.20333751018576,19588259.396794494,20949176.86,22173209.367503114,1224032.5075031146,1360917.4632055052,21782889.816794496,23143807.28,24367839.787503116,1224032.5075031146,HIGH,MEDIUM,12.33914815834257,1.8530600872142051,Market uncertainty combined with current sequential deadline exposure
CARGO-005,Coking_Coal,MEDIUM,Newcastle_Australia,Visakhapatnam,PANA-002,Panamax,629861.0,69000.0,91.28,10,5100.0,16.35,163.5,2500.0,10.5,174.0,30.0,490.5,4905.0,466.07,2286073.35,33.26,2026-09-20,20949176.86,23235250.21,36.8895,2026-11-01,2027-04-23 23:56:39.840000002,2026-11-26,-149.0,False,0.35,2026-09-20,CALCULATED,33.26,31.09933683272102,35.20333751018576,19588259.396794494,20949176.86,22173209.367503114,1224032.5075031146,1360917.4632055052,21874332.746794496,23235250.21,24459282.717503116,1224032.5075031146,HIGH,MEDIUM,12.33914815834257,1.8530600872142051,Market uncertainty combined with current sequential deadline exposure
CARGO-005,Coking_Coal,MEDIUM,Newcastle_Australia,Visakhapatnam,PANA-003,Panamax,629861.0,62000.0,92.35,11,5100.0,16.35,179.85,2500.0,10.5,190.35,29.0,474.15,5215.65,466.07,2430858.0,33.26,2026-09-20,20949176.86,23380034.86,37.1194,2026-11-01,2027-05-10 08:20:39.840000000,2026-11-26,-165.35,False,0.35,2026-09-20,CALCULATED,33.26,31.09933683272102,35.20333751018576,19588259.396794494,20949176.86,22173209.367503114,1224032.5075031146,1360917.4632055052,22019117.396794494,23380034.86,24604067.367503114,1224032.5075031146,HIGH,MEDIUM,12.33914815834257,1.8530600872142051,Market uncertainty combined with current sequential deadline exposure
CARGO-005,Coking_Coal,MEDIUM,Newcastle_Australia,Visakhapatnam,SUPRA-001,Supramax,629861.0,53000.0,99.03,12,5100.0,17.71,212.52,2500.0,10.5,223.02,26.0,460.46,5525.52,466.07,2575279.11,36.38,2026-09-20,22914343.18,25489622.29,40.4686,2026-11-01,2027-06-12 00:25:27.840000000,2026-11-26,-198.02,False,0.35,2026-09-20,CALCULATED,36.38,34.016652855513854,38.505634955518886,21425762.98422681,22914343.180000003,24253197.73871808,1338854.5587180778,1488580.1957731918,24001042.094226807,25489622.29,26828476.848718077,1338854.5587180778,HIGH,MEDIUM,12.33914815834257,1.8530600872142051,Market uncertainty combined with current sequential deadline exposure
CARGO-005,Coking_Coal,MEDIUM,Newcastle_Australia,Visakhapatnam,SUPRA-002,Supramax,629861.0,47000.0,95.72,14,5100.0,17.71,247.94,2500.0,10.5,258.44,24.0,425.04,5950.56,466.07,2773377.5,36.38,2026-09-20,22914343.18,25687720.68,40.7832,2026-11-01,2027-07-17 10:30:15.840000000,2026-11-26,-233.44,False,0.35,2026-09-20,CALCULATED,36.38,34.016652855513854,38.505634955518886,21425762.98422681,22914343.180000003,24253197.73871808,1338854.5587180778,1488580.1957731918,24199140.484226808,25687720.68,27026575.238718078,1338854.5587180778,HIGH,MEDIUM,12.33914815834257,1.8530600872142051,Market uncertainty combined with current sequential deadline exposure
CARGO-005,Coking_Coal,MEDIUM,Newcastle_Australia,Visakhapatnam,SUPRA-003,Supramax,629861.0,44000.0,95.43,15,5100.0,17.71,265.65,2500.0,10.5,276.15,23.0,407.33,6109.95,466.07,2847664.4,36.38,2026-09-20,22914343.18,25762007.58,40.9011,2026-11-01,2027-08-04 03:32:39.840000004,2026-11-26,-251.15,False,0.35,2026-09-20,CALCULATED,36.38,34.016652855513854,38.505634955518886,21425762.98422681,22914343.180000003,24253197.73871808,1338854.5587180778,1488580.1957731918,24273427.384226806,25762007.58,27100862.138718076,1338854.5587180778,HIGH,MEDIUM,12.33914815834257,1.8530600872142051,Market uncertainty combined with current sequential deadline exposure
CARGO-006,Coking_Coal,MEDIUM,Newcastle_Australia,Dhamra,CAPE-002,Capesize,819434.0,163000.0,83.79,6,5250.0,15.62,93.72,4000.0,8.54,102.26,52.0,812.24,4873.44,466.07,2271364.18,35.68,2026-09-20,29237405.12,31508769.3,38.4519,2026-11-01,2027-02-11 06:08:18.600000000,2026-11-26,-77.26,False,0.3,2026-09-20,CALCULATED,35.68,33.36212682475905,37.76473488765568,27338061.03251961,29237405.12,30945707.76793124,1708302.6479312405,1899344.0874803923,29609425.21251961,31508769.3,33217071.94793124,1708302.6479312405,HIGH,MEDIUM,12.33914815834257,1.8530600872142051,Market uncertainty combined with current sequential deadline exposure
CARGO-006,Coking_Coal,MEDIUM,Newcastle_Australia,Dhamra,CAPE-003,Capesize,819434.0,145000.0,94.19,6,5250.0,15.62,93.72,4000.0,8.54,102.26,48.0,749.76,4498.56,466.07,2096643.86,35.68,2026-09-20,29237405.12,31334048.98,38.2386,2026-11-01,2027-02-11 06:08:18.600000000,2026-11-26,-77.26,False,0.3,2026-09-20,CALCULATED,35.68,33.36212682475905,37.76473488765568,27338061.03251961,29237405.12,30945707.76793124,1708302.6479312405,1899344.0874803923,29434704.89251961,31334048.98,33042351.62793124,1708302.6479312405,HIGH,MEDIUM,12.33914815834257,1.8530600872142051,Market uncertainty combined with current sequential deadline exposure
CARGO-006,Coking_Coal,MEDIUM,Newcastle_Australia,Dhamra,PANA-001,Panamax,819434.0,75000.0,99.33,11,5250.0,16.83,185.13,4000.0,8.54,193.67,32.0,538.56,5924.16,466.07,2761073.25,34.16,2026-09-20,27991865.44,30752938.69,37.5295,2026-11-01,2027-05-13 15:58:42.600000002,2026-11-26,-168.67,False,0.3,2026-09-20,CALCULATED,34.16,31.940870300834334,36.15592331172416,26173435.11409388,27991865.439999998,29627392.863019373,1635527.4230193757,1818430.3259061165,28934508.364093885,30752938.69,32388466.113019377,1635527.4230193757,HIGH,MEDIUM,12.33914815834257,1.8530600872142051,Market uncertainty combined with current sequential deadline exposure
CARGO-006,Coking_Coal,MEDIUM,Newcastle_Australia,Dhamra,PANA-002,Panamax,819434.0,69000.0,98.97,12,5250.0,16.83,201.96,4000.0,8.54,210.5,30.0,504.9,6058.8,466.07,2823824.92,34.16,2026-09-20,27991865.44,30815690.36,37.6061,2026-11-01,2027-05-30 11:53:54.599999996,2026-11-26,-185.5,False,0.3,2026-09-20,CALCULATED,34.16,31.940870300834334,36.15592331172416,26173435.11409388,27991865.439999998,29627392.863019373,1635527.4230193757,1818430.3259061165,28997260.034093883,30815690.36,32451217.783019375,1635527.4230193757,HIGH,MEDIUM,12.33914815834257,1.8530600872142051,Market uncertainty combined with current sequential deadline exposure
CARGO-006,Coking_Coal,MEDIUM,Newcastle_Australia,Dhamra,PANA-003,Panamax,819434.0,62000.0,94.4,14,5250.0,16.83,235.62,4000.0,8.54,244.16,29.0,488.07,6832.98,466.07,3184646.99,34.16,2026-09-20,27991865.44,31176512.43,38.0464,2026-11-01,2027-07-03 03:44:18.599999996,2026-11-26,-219.16,False,0.3,2026-09-20,CALCULATED,34.16,31.940870300834334,36.15592331172416,26173435.11409388,27991865.439999998,29627392.863019373,1635527.4230193757,1818430.3259061165,29358082.104093883,31176512.43,32812039.853019375,1635527.4230193757,HIGH,MEDIUM,12.33914815834257,1.8530600872142051,Market uncertainty combined with current sequential deadline exposure
CARGO-006,Coking_Coal,MEDIUM,Newcastle_Australia,Dhamra,SUPRA-001,Supramax,819434.0,53000.0,96.63,16,5250.0,18.23,291.68,4000.0,8.54,300.22,26.0,473.98,7583.68,466.07,3534525.74,36.85,2026-09-20,30196142.9,33730668.64,41.1634,2026-11-01,2027-08-28 05:10:42.600000000,2026-11-26,-275.22,False,0.3,2026-09-20,CALCULATED,36.85,34.456120333306366,39.0030964296556,28234516.50920257,30196142.900000002,31960463.319738407,1764320.4197384045,1961626.3907974325,31769042.249202568,33730668.64,35494989.059738405,1764320.4197384045,HIGH,MEDIUM,12.33914815834257,1.8530600872142051,Market uncertainty combined with current sequential deadline exposure
CARGO-006,Coking_Coal,MEDIUM,Newcastle_Australia,Dhamra,SUPRA-002,Supramax,819434.0,47000.0,96.86,18,5250.0,18.23,328.14,4000.0,8.54,336.68,24.0,437.52,7875.36,466.07,3670469.04,36.85,2026-09-20,30196142.9,33866611.94,41.3293,2026-11-01,2027-10-03 16:13:06.600000000,2026-11-26,-311.68,False,0.3,2026-09-20,CALCULATED,36.85,34.456120333306366,39.0030964296556,28234516.50920257,30196142.900000002,31960463.319738407,1764320.4197384045,1961626.3907974325,31904985.549202565,33866611.94,35630932.3597384,1764320.4197384045,HIGH,MEDIUM,12.33914815834257,1.8530600872142051,Market uncertainty combined with current sequential deadline exposure
CARGO-006,Coking_Coal,MEDIUM,Newcastle_Australia,Dhamra,SUPRA-003,Supramax,819434.0,44000.0,98.02,19,5250.0,18.23,346.37,4000.0,8.54,354.91,23.0,419.29,7966.51,466.07,3712951.32,36.85,2026-09-20,30196142.9,33909094.22,41.3811,2026-11-01,2027-10-21 21:44:18.599999996,2026-11-26,-329.91,False,0.3,2026-09-20,CALCULATED,36.85,34.456120333306366,39.0030964296556,28234516.50920257,30196142.900000002,31960463.319738407,1764320.4197384045,1961626.3907974325,31947467.829202566,33909094.22,35673414.6397384,1764320.4197384045,HIGH,MEDIUM,12.33914815834257,1.8530600872142051,Market uncertainty combined with current sequential deadline exposure
CARGO-007,Coking_Coal,HIGH,Newcastle_Australia,Paradip,PANA-001,Panamax,760029.0,75000.0,92.12,11,5200.0,16.67,183.37,3000.0,10.56,193.93,32.0,533.44,5867.84,466.07,2734824.19,30.89,2026-09-20,23477295.81,26212120.0,34.4883,2026-12-01,2027-06-12 22:13:22.800000000,2026-12-26,-168.93,False,0.35,2026-09-20,CALCULATED,30.89,28.88329870002262,32.69486156613464,21952144.627679493,23477295.81,24849042.941247746,1371747.1312477477,1525151.1823205054,24686968.817679495,26212120.0,27583867.131247748,1371747.1312477477,HIGH,MEDIUM,12.33914815834257,1.8530600872142051,Market uncertainty combined with current sequential deadline exposure
CARGO-007,Coking_Coal,HIGH,Newcastle_Australia,Paradip,PANA-002,Panamax,760029.0,69000.0,91.79,12,5200.0,16.67,200.04,3000.0,10.56,210.6,30.0,500.1,6001.2,466.07,2796979.28,30.89,2026-09-20,23477295.81,26274275.09,34.5701,2026-12-01,2027-06-29 14:18:10.800000004,2026-12-26,-185.6,False,0.35,2026-09-20,CALCULATED,30.89,28.88329870002262,32.69486156613464,21952144.627679493,23477295.81,24849042.941247746,1371747.1312477477,1525151.1823205054,24749123.907679494,26274275.09,27646022.221247748,1371747.1312477477,HIGH,MEDIUM,12.33914815834257,1.8530600872142051,Market uncertainty combined with current sequential deadline exposure
CARGO-007,Coking_Coal,HIGH,Newcastle_Australia,Paradip,PANA-003,Panamax,760029.0,62000.0,94.3,13,5200.0,16.67,216.71,3000.0,10.56,227.27,29.0,483.43,6284.59,466.07,2929058.86,30.89,2026-09-20,23477295.81,26406354.67,34.7439,2026-12-01,2027-07-16 06:22:58.800000000,2026-12-26,-202.27,False,0.35,2026-09-20,CALCULATED,30.89,28.88329870002262,32.69486156613464,21952144.627679493,23477295.81,24849042.941247746,1371747.1312477477,1525151.1823205054,24881203.487679496,26406354.67,27778101.80124775,1371747.1312477477,HIGH,MEDIUM,12.33914815834257,1.8530600872142051,Market uncertainty combined with current sequential deadline exposure
CARGO-007,Coking_Coal,HIGH,Newcastle_Australia,Paradip,SUPRA-001,Supramax,760029.0,53000.0,95.6,15,5200.0,18.06,270.9,3000.0,10.56,281.46,26.0,469.56,7043.4,466.07,3282717.44,36.2,2026-09-20,27513049.8,30795767.24,40.5192,2026-12-01,2027-09-08 10:56:34.799999996,2026-12-26,-256.46,False,0.35,2026-09-20,CALCULATED,36.2,33.84834616189119,38.3151177952112,25725724.685076002,27513049.8,29120600.662776574,1607550.8627765737,1787325.1149239987,29008442.125076,30795767.24,32403318.102776572,1607550.8627765737,HIGH,MEDIUM,12.33914815834257,1.8530600872142051,Market uncertainty combined with current sequential deadline exposure
CARGO-007,Coking_Coal,HIGH,Newcastle_Australia,Paradip,SUPRA-002,Supramax,760029.0,47000.0,95.12,17,5200.0,18.06,307.02,3000.0,10.56,317.58,24.0,433.44,7368.48,466.07,3434227.47,36.2,2026-09-20,27513049.8,30947277.27,40.7185,2026-12-01,2027-10-14 13:49:22.799999992,2026-12-26,-292.58,False,0.35,2026-09-20,CALCULATED,36.2,33.84834616189119,38.3151177952112,25725724.685076002,27513049.8,29120600.662776574,1607550.8627765737,1787325.1149239987,29159952.155076,30947277.27,32554828.132776573,1607550.8627765737,HIGH,MEDIUM,12.33914815834257,1.8530600872142051,Market uncertainty combined with current sequential deadline exposure
CARGO-007,Coking_Coal,HIGH,Newcastle_Australia,Paradip,SUPRA-003,Supramax,760029.0,44000.0,95.96,18,5200.0,18.06,325.08,3000.0,10.56,335.64,23.0,415.38,7476.84,466.07,3484730.82,36.2,2026-09-20,27513049.8,30997780.62,40.785,2026-12-01,2027-11-01 15:15:46.799999996,2026-12-26,-310.64,False,0.35,2026-09-20,CALCULATED,36.2,33.84834616189119,38.3151177952112,25725724.685076002,27513049.8,29120600.662776574,1607550.8627765737,1787325.1149239987,29210455.505076002,30997780.62,32605331.482776575,1607550.8627765737,HIGH,MEDIUM,12.33914815834257,1.8530600872142051,Market uncertainty combined with current sequential deadline exposure
CARGO-008,Coking_Coal,MEDIUM,Newcastle_Australia,Visakhapatnam,PANA-001,Panamax,643559.0,75000.0,95.34,9,5100.0,16.35,147.15,2500.0,10.73,157.88,32.0,523.2,4708.8,466.07,2194630.42,33.26,2026-09-20,21404772.34,23599402.76,36.6701,2026-12-01,2027-05-07 21:01:24.960000000,2026-12-26,-132.88,False,0.35,2026-09-20,CALCULATED,33.26,31.09933683272102,35.20333751018576,20014258.112729106,21404772.34,22655424.68471764,1250652.3447176404,1390514.2272708938,22208888.532729108,23599402.76,24850055.104717642,1250652.3447176404,HIGH,MEDIUM,12.33914815834257,1.8530600872142051,Market uncertainty combined with current sequential deadline exposure
CARGO-008,Coking_Coal,MEDIUM,Newcastle_Australia,Visakhapatnam,PANA-002,Panamax,643559.0,69000.0,93.27,10,5100.0,16.35,163.5,2500.0,10.73,174.23,30.0,490.5,4905.0,466.07,2286073.35,33.26,2026-09-20,21404772.34,23690845.69,36.8122,2026-12-01,2027-05-24 05:25:24.960000000,2026-12-26,-149.23,False,0.35,2026-09-20,CALCULATED,33.26,31.09933683272102,35.20333751018576,20014258.112729106,21404772.34,22655424.68471764,1250652.3447176404,1390514.2272708938,22300331.462729108,23690845.69,24941498.03471764,1250652.3447176404,HIGH,MEDIUM,12.33914815834257,1.8530600872142051,Market uncertainty combined with current sequential deadline exposure
CARGO-008,Coking_Coal,MEDIUM,Newcastle_Australia,Visakhapatnam,PANA-003,Panamax,643559.0,62000.0,94.36,11,5100.0,16.35,179.85,2500.0,10.73,190.58,29.0,474.15,5215.65,466.07,2430858.0,33.26,2026-09-20,21404772.34,23835630.34,37.0372,2026-12-01,2027-06-09 13:49:24.960000002,2026-12-26,-165.58,False,0.35,2026-09-20,CALCULATED,33.26,31.09933683272102,35.20333751018576,20014258.112729106,21404772.34,22655424.68471764,1250652.3447176404,1390514.2272708938,22445116.112729106,23835630.34,25086282.68471764,1250652.3447176404,HIGH,MEDIUM,12.33914815834257,1.8530600872142051,Market uncertainty combined with current sequential deadline exposure
CARGO-008,Coking_Coal,MEDIUM,Newcastle_Australia,Visakhapatnam,SUPRA-001,Supramax,643559.0,53000.0,93.4,13,5100.0,17.71,230.23,2500.0,10.73,240.96,26.0,460.46,5985.98,466.07,2789885.7,36.38,2026-09-20,23412676.42,26202562.12,40.7151,2026-12-01,2027-07-29 22:56:36.960000000,2026-12-26,-215.96,False,0.35,2026-09-20,CALCULATED,36.38,34.016652855513854,38.505634955518886,21891723.09504164,23412676.42,24780647.926338777,1367971.5063387752,1520953.3249583617,24681608.79504164,26202562.12,27570533.626338776,1367971.5063387752,HIGH,MEDIUM,12.33914815834257,1.8530600872142051,Market uncertainty combined with current sequential deadline exposure
CARGO-008,Coking_Coal,MEDIUM,Newcastle_Australia,Visakhapatnam,SUPRA-002,Supramax,643559.0,47000.0,97.81,14,5100.0,17.71,247.94,2500.0,10.73,258.67,24.0,425.04,5950.56,466.07,2773377.5,36.38,2026-09-20,23412676.42,26186053.92,40.6894,2026-12-01,2027-08-16 15:59:00.959999996,2026-12-26,-233.67,False,0.35,2026-09-20,CALCULATED,36.38,34.016652855513854,38.505634955518886,21891723.09504164,23412676.42,24780647.926338777,1367971.5063387752,1520953.3249583617,24665100.59504164,26186053.92,27554025.426338777,1367971.5063387752,HIGH,MEDIUM,12.33914815834257,1.8530600872142051,Market uncertainty combined with current sequential deadline exposure
CARGO-008,Coking_Coal,MEDIUM,Newcastle_Australia,Visakhapatnam,SUPRA-003,Supramax,643559.0,44000.0,97.51,15,5100.0,17.71,265.65,2500.0,10.73,276.38,23.0,407.33,6109.95,466.07,2847664.4,36.38,2026-09-20,23412676.42,26260340.82,40.8049,2026-12-01,2027-09-03 09:01:24.960000000,2026-12-26,-251.38,False,0.35,2026-09-20,CALCULATED,36.38,34.016652855513854,38.505634955518886,21891723.09504164,23412676.42,24780647.926338777,1367971.5063387752,1520953.3249583617,24739387.49504164,26260340.82,27628312.326338775,1367971.5063387752,HIGH,MEDIUM,12.33914815834257,1.8530600872142051,Market uncertainty combined with current sequential deadline exposure
CARGO-009,Coking_Coal,MEDIUM,Newcastle_Australia,Dhamra,CAPE-002,Capesize,779275.0,163000.0,95.62,5,5250.0,15.62,78.1,4000.0,8.12,86.22,52.0,812.24,4061.2,466.07,1892803.48,35.68,2026-09-20,27804532.0,29697335.48,38.1089,2026-12-01,2027-02-25 05:13:07.500000000,2026-12-26,-61.22,False,0.3,2026-09-20,CALCULATED,35.68,33.36212682475905,37.76473488765568,25998271.38136411,27804532.0,29429113.779577877,1624581.7795778774,1806260.6186358891,27891074.86136411,29697335.48,31321917.259577878,1624581.7795778774,HIGH,MEDIUM,12.33914815834257,1.8530600872142051,Market uncertainty combined with current sequential deadline exposure
CARGO-009,Coking_Coal,MEDIUM,Newcastle_Australia,Dhamra,CAPE-003,Capesize,779275.0,145000.0,89.57,6,5250.0,15.62,93.72,4000.0,8.12,101.84,48.0,749.76,4498.56,466.07,2096643.86,35.68,2026-09-20,27804532.0,29901175.86,38.3705,2026-12-01,2027-03-12 20:05:55.500000000,2026-12-26,-76.84,False,0.3,2026-09-20,CALCULATED,35.68,33.36212682475905,37.76473488765568,25998271.38136411,27804532.0,29429113.779577877,1624581.7795778774,1806260.6186358891,28094915.24136411,29901175.86,31525757.639577877,1624581.7795778774,HIGH,MEDIUM,12.33914815834257,1.8530600872142051,Market uncertainty combined with current sequential deadline exposure
CARGO-009,Coking_Coal,MEDIUM,Newcastle_Australia,Dhamra,PANA-001,Panamax,779275.0,75000.0,94.46,11,5250.0,16.83,185.13,4000.0,8.12,193.25,32.0,538.56,5924.16,466.07,2761073.25,34.16,2026-09-20,26620034.0,29381107.25,37.7031,2026-12-01,2027-06-12 05:56:19.499999998,2026-12-26,-168.25,False,0.3,2026-09-20,CALCULATED,34.16,31.940870300834334,36.15592331172416,24890721.703682676,26620033.999999996,28175407.138743844,1555373.1387438476,1729312.2963173203,27651794.95368268,29381107.25,30936480.388743848,1555373.1387438476,HIGH,MEDIUM,12.33914815834257,1.8530600872142051,Market uncertainty combined with current sequential deadline exposure
CARGO-009,Coking_Coal,MEDIUM,Newcastle_Australia,Dhamra,PANA-002,Panamax,779275.0,69000.0,94.12,12,5250.0,16.83,201.96,4000.0,8.12,210.08,30.0,504.9,6058.8,466.07,2823824.92,34.16,2026-09-20,26620034.0,29443858.92,37.7837,2026-12-01,2027-06-29 01:51:31.499999996,2026-12-26,-185.08,False,0.3,2026-09-20,CALCULATED,34.16,31.940870300834334,36.15592331172416,24890721.703682676,26620033.999999996,28175407.138743844,1555373.1387438476,1729312.2963173203,27714546.62368268,29443858.92,30999232.05874385,1555373.1387438476,HIGH,MEDIUM,12.33914815834257,1.8530600872142051,Market uncertainty combined with current sequential deadline exposure
CARGO-009,Coking_Coal,MEDIUM,Newcastle_Australia,Dhamra,PANA-003,Panamax,779275.0,62000.0,96.68,13,5250.0,16.83,218.79,4000.0,8.12,226.91,29.0,488.07,6344.91,466.07,2957172.2,34.16,2026-09-20,26620034.0,29577206.2,37.9548,2026-12-01,2027-07-15 21:46:43.500000000,2026-12-26,-201.91,False,0.3,2026-09-20,CALCULATED,34.16,31.940870300834334,36.15592331172416,24890721.703682676,26620033.999999996,28175407.138743844,1555373.1387438476,1729312.2963173203,27847893.90368268,29577206.2,31132579.338743847,1555373.1387438476,HIGH,MEDIUM,12.33914815834257,1.8530600872142051,Market uncertainty combined with current sequential deadline exposure
CARGO-009,Coking_Coal,MEDIUM,Newcastle_Australia,Dhamra,SUPRA-001,Supramax,779275.0,53000.0,98.02,15,5250.0,18.23,273.45,4000.0,8.12,281.57,26.0,473.98,7109.7,466.07,3313617.88,36.85,2026-09-20,28716283.75,32029901.63,41.1022,2026-12-01,2027-09-08 13:37:07.500000000,2026-12-26,-256.57,False,0.3,2026-09-20,CALCULATED,36.85,34.456120333306366,39.0030964296556,26850793.17273732,28716283.75,30394137.970219865,1677854.2202198654,1865490.577262681,30164411.052737318,32029901.63,33707755.85021986,1677854.2202198617,HIGH,MEDIUM,12.33914815834257,1.8530600872142051,Market uncertainty combined with current sequential deadline exposure
CARGO-009,Coking_Coal,MEDIUM,Newcastle_Australia,Dhamra,SUPRA-002,Supramax,779275.0,47000.0,97.53,17,5250.0,18.23,309.91,4000.0,8.12,318.03,24.0,437.52,7437.84,466.07,3466554.09,36.85,2026-09-20,28716283.75,32182837.84,41.2984,2026-12-01,2027-10-15 00:39:31.500000000,2026-12-26,-293.03,False,0.3,2026-09-20,CALCULATED,36.85,34.456120333306366,39.0030964296556,26850793.17273732,28716283.75,30394137.970219865,1677854.2202198654,1865490.577262681,30317347.26273732,32182837.84,33860692.06021987,1677854.2202198692,HIGH,MEDIUM,12.33914815834257,1.8530600872142051,Market uncertainty combined with current sequential deadline exposure
CARGO-009,Coking_Coal,MEDIUM,Newcastle_Australia,Dhamra,SUPRA-003,Supramax,779275.0,44000.0,98.39,18,5250.0,18.23,328.14,4000.0,8.12,336.26,23.0,419.29,7547.22,466.07,3517532.83,36.85,2026-09-20,28716283.75,32233816.58,41.3639,2026-12-01,2027-11-02 06:10:43.499999996,2026-12-26,-311.26,False,0.3,2026-09-20,CALCULATED,36.85,34.456120333306366,39.0030964296556,26850793.17273732,28716283.75,30394137.970219865,1677854.2202198654,1865490.577262681,30368326.002737317,32233816.58,33911670.80021986,1677854.2202198654,HIGH,MEDIUM,12.33914815834257,1.8530600872142051,Market uncertainty combined with current sequential deadline exposure
CARGO-010,Coking_Coal,HIGH,Newcastle_Australia,Paradip,PANA-001,Panamax,869720.0,75000.0,96.64,12,5200.0,16.67,200.04,3000.0,12.08,212.12,32.0,533.44,6401.28,466.07,2983444.57,30.89,2026-09-20,26865650.8,29849095.37,34.3204,2027-01-01,2027-08-01 02:52:00.000000000,2027-01-26,-187.12,False,0.35,2026-09-20,CALCULATED,30.89,28.88329870002262,32.69486156613464,25120382.545383673,26865650.8,28435375.00129862,1569724.2012986206,1745268.2546163276,28103827.115383673,29849095.37,31418819.57129862,1569724.2012986206,HIGH,MEDIUM,12.33914815834257,1.8530600872142051,Market uncertainty combined with current sequential deadline exposure
CARGO-010,Coking_Coal,HIGH,Newcastle_Australia,Paradip,PANA-002,Panamax,869720.0,69000.0,96.96,13,5200.0,16.67,216.71,3000.0,12.08,228.79,30.0,500.1,6501.3,466.07,3030060.89,30.89,2026-09-20,26865650.8,29895711.69,34.3739,2027-01-01,2027-08-17 18:56:48.000000004,2027-01-26,-203.79,False,0.35,2026-09-20,CALCULATED,30.89,28.88329870002262,32.69486156613464,25120382.545383673,26865650.8,28435375.00129862,1569724.2012986206,1745268.2546163276,28150443.435383674,29895711.69,31465435.891298622,1569724.2012986206,HIGH,MEDIUM,12.33914815834257,1.8530600872142051,Market uncertainty combined with current sequential deadline exposure
CARGO-010,Coking_Coal,HIGH,Newcastle_Australia,Paradip,PANA-003,Panamax,869720.0,62000.0,93.52,15,5200.0,16.67,250.05,3000.0,12.08,262.13,29.0,483.43,7251.45,466.07,3379683.3,30.89,2026-09-20,26865650.8,30245334.1,34.7759,2027-01-01,2027-09-20 03:06:24.000000000,2027-01-26,-237.13,False,0.35,2026-09-20,CALCULATED,30.89,28.88329870002262,32.69486156613464,25120382.545383673,26865650.8,28435375.00129862,1569724.2012986206,1745268.2546163276,28500065.845383674,30245334.1,31815058.301298622,1569724.2012986206,HIGH,MEDIUM,12.33914815834257,1.8530600872142051,Market uncertainty combined with current sequential deadline exposure
CARGO-010,Coking_Coal,HIGH,Newcastle_Australia,Paradip,SUPRA-001,Supramax,869720.0,53000.0,96.53,17,5200.0,18.06,307.02,3000.0,12.08,319.1,26.0,469.56,7982.52,466.07,3720413.1,36.2,2026-09-20,31483864.0,35204277.1,40.4777,2027-01-01,2027-11-16 02:23:12.000000000,2027-01-26,-294.1,False,0.35,2026-09-20,CALCULATED,36.2,33.84834616189119,38.3151177952112,29438583.62392001,31483864.000000004,33323424.248851087,1839560.2488510832,2045280.3760799952,33158996.723920006,35204277.1,37043837.348851085,1839560.2488510832,HIGH,MEDIUM,12.33914815834257,1.8530600872142051,Market uncertainty combined with current sequential deadline exposure
CARGO-010,Coking_Coal,HIGH,Newcastle_Australia,Paradip,SUPRA-002,Supramax,869720.0,47000.0,97.39,19,5200.0,18.06,343.14,3000.0,12.08,355.22,24.0,433.44,8235.36,466.07,3838254.24,36.2,2026-09-20,31483864.0,35322118.24,40.6132,2027-01-01,2027-12-22 05:16:00.000000000,2027-01-26,-330.22,False,0.35,2026-09-20,CALCULATED,36.2,33.84834616189119,38.3151177952112,29438583.62392001,31483864.000000004,33323424.248851087,1839560.2488510832,2045280.3760799952,33276837.863920007,35322118.24,37161678.488851085,1839560.2488510832,HIGH,MEDIUM,12.33914815834257,1.8530600872142051,Market uncertainty combined with current sequential deadline exposure
CARGO-010,Coking_Coal,HIGH,Newcastle_Australia,Paradip,SUPRA-003,Supramax,869720.0,44000.0,98.83,20,5200.0,18.06,361.2,3000.0,12.08,373.28,23.0,415.38,8307.6,466.07,3871923.13,36.2,2026-09-20,31483864.0,35355787.13,40.6519,2027-01-01,2028-01-09 06:42:24.000000000,2027-01-26,-348.28,False,0.35,2026-09-20,CALCULATED,36.2,33.84834616189119,38.3151177952112,29438583.62392001,31483864.000000004,33323424.248851087,1839560.2488510832,2045280.3760799952,33310506.753920007,35355787.13,37195347.378851086,1839560.2488510832,HIGH,MEDIUM,12.33914815834257,1.8530600872142051,Market uncertainty combined with current sequential deadline exposure
CARGO-011,Coking_Coal,MEDIUM,Newcastle_Australia,Visakhapatnam,PANA-001,Panamax,865254.0,75000.0,96.14,12,5100.0,16.35,196.2,2500.0,14.42,210.62,32.0,523.2,6278.4,466.07,2926173.89,33.26,2026-09-20,28778348.04,31704521.93,36.6419,2027-01-01,2027-07-30 14:54:05.760000000,2027-01-26,-185.62,False,0.35,2026-09-20,CALCULATED,33.26,31.09933683272102,35.20333751018576,26908825.59185919,28778348.04,30459828.59403827,1681480.5540382713,1869522.4481408074,29834999.481859192,31704521.93,33386002.48403827,1681480.5540382713,HIGH,MEDIUM,12.33914815834257,1.8530600872142051,Market uncertainty combined with current sequential deadline exposure
CARGO-011,Coking_Coal,MEDIUM,Newcastle_Australia,Visakhapatnam,PANA-002,Panamax,865254.0,69000.0,96.46,13,5100.0,16.35,212.55,2500.0,14.42,226.97,30.0,490.5,6376.5,466.07,2971895.36,33.26,2026-09-20,28778348.04,31750243.39,36.6947,2027-01-01,2027-08-15 23:18:05.759999996,2027-01-26,-201.97,False,0.35,2026-09-20,CALCULATED,33.26,31.09933683272102,35.20333751018576,26908825.59185919,28778348.04,30459828.59403827,1681480.5540382713,1869522.4481408074,29880720.941859193,31750243.39,33431723.944038272,1681480.5540382713,HIGH,MEDIUM,12.33914815834257,1.8530600872142051,Market uncertainty combined with current sequential deadline exposure
CARGO-011,Coking_Coal,MEDIUM,Newcastle_Australia,Visakhapatnam,PANA-003,Panamax,865254.0,62000.0,99.68,14,5100.0,16.35,228.9,2500.0,14.42,243.32,29.0,474.15,6638.1,466.07,3093819.27,33.26,2026-09-20,28778348.04,31872167.31,36.8356,2027-01-01,2027-09-01 07:42:05.760000000,2027-01-26,-218.32,False,0.35,2026-09-20,CALCULATED,33.26,31.09933683272102,35.20333751018576,26908825.59185919,28778348.04,30459828.59403827,1681480.5540382713,1869522.4481408074,30002644.86185919,31872167.31,33553647.86403827,1681480.5540382713,HIGH,MEDIUM,12.33914815834257,1.8530600872142051,Market uncertainty combined with current sequential deadline exposure
CARGO-011,Coking_Coal,MEDIUM,Newcastle_Australia,Visakhapatnam,SUPRA-001,Supramax,865254.0,53000.0,96.03,17,5100.0,17.71,301.07,2500.0,14.42,315.49,26.0,460.46,7827.82,466.07,3648312.07,36.38,2026-09-20,31477940.52,35126252.59,40.5965,2027-01-01,2027-11-12 11:46:53.760000000,2027-01-26,-290.49,False,0.35,2026-09-20,CALCULATED,36.38,34.016652855513854,38.505634955518886,29433044.949844785,31477940.520000003,33317154.66780254,1839214.1478025354,2044895.5701552182,33081357.019844785,35126252.59,36965466.737802535,1839214.1478025317,HIGH,MEDIUM,12.33914815834257,1.8530600872142051,Market uncertainty combined with current sequential deadline exposure
CARGO-011,Coking_Coal,MEDIUM,Newcastle_Australia,Visakhapatnam,SUPRA-002,Supramax,865254.0,47000.0,96.89,19,5100.0,17.71,336.49,2500.0,14.42,350.91,24.0,425.04,8075.76,466.07,3763869.46,36.38,2026-09-20,31477940.52,35241809.98,40.73,2027-01-01,2027-12-17 21:51:41.760000000,2027-01-26,-325.91,False,0.35,2026-09-20,CALCULATED,36.38,34.016652855513854,38.505634955518886,29433044.949844785,31477940.520000003,33317154.66780254,1839214.1478025354,2044895.5701552182,33196914.40984478,35241809.98,37081024.127802536,1839214.1478025392,HIGH,MEDIUM,12.33914815834257,1.8530600872142051,Market uncertainty combined with current sequential deadline exposure
CARGO-011,Coking_Coal,MEDIUM,Newcastle_Australia,Visakhapatnam,SUPRA-003,Supramax,865254.0,44000.0,98.32,20,5100.0,17.71,354.2,2500.0,14.42,368.62,23.0,407.33,8146.6,466.07,3796885.86,36.38,2026-09-20,31477940.52,35274826.38,40.7682,2027-01-01,2028-01-04 14:54:05.760000004,2027-01-26,-343.62,False,0.35,2026-09-20,CALCULATED,36.38,34.016652855513854,38.505634955518886,29433044.949844785,31477940.520000003,33317154.66780254,1839214.1478025354,2044895.5701552182,33229930.809844784,35274826.38,37114040.52780254,1839214.1478025392,HIGH,MEDIUM,12.33914815834257,1.8530600872142051,Market uncertainty combined with current sequential deadline exposure
CARGO-012,Coking_Coal,MEDIUM,Newcastle_Australia,Dhamra,CAPE-002,Capesize,801345.0,163000.0,98.32,5,5250.0,15.62,78.1,4000.0,8.35,86.45,52.0,812.24,4061.2,466.07,1892803.48,35.68,2026-09-20,28591989.6,30484793.08,38.042,2027-01-01,2027-03-28 10:44:10.500000000,2027-01-26,-61.45,False,0.3,2026-09-20,CALCULATED,35.68,33.36212682475905,37.76473488765568,26734573.520386543,28591989.6,30262581.478548437,1670591.8785484359,1857416.0796134584,28627377.00038654,30484793.08,32155384.958548434,1670591.8785484359,HIGH,MEDIUM,12.33914815834257,1.8530600872142051,Market uncertainty combined with current sequential deadline exposure
CARGO-012,Coking_Coal,MEDIUM,Newcastle_Australia,Dhamra,CAPE-003,Capesize,801345.0,145000.0,92.11,6,5250.0,15.62,93.72,4000.0,8.35,102.07,48.0,749.76,4498.56,466.07,2096643.86,35.68,2026-09-20,28591989.6,30688633.46,38.2964,2027-01-01,2027-04-13 01:36:58.500000000,2027-01-26,-77.07,False,0.3,2026-09-20,CALCULATED,35.68,33.36212682475905,37.76473488765568,26734573.520386543,28591989.6,30262581.478548437,1670591.8785484359,1857416.0796134584,28831217.380386543,30688633.46,32359225.338548437,1670591.8785484359,HIGH,MEDIUM,12.33914815834257,1.8530600872142051,Market uncertainty combined with current sequential deadline exposure
CARGO-012,Coking_Coal,MEDIUM,Newcastle_Australia,Dhamra,PANA-001,Panamax,801345.0,75000.0,97.13,11,5250.0,16.83,185.13,4000.0,8.35,193.48,32.0,538.56,5924.16,466.07,2761073.25,34.16,2026-09-20,27373945.2,30135018.45,37.6055,2027-01-01,2027-07-13 11:27:22.499999998,2027-01-26,-168.48,False,0.3,2026-09-20,CALCULATED,34.16,31.940870300834334,36.15592331172416,25595656.71122209,27373945.199999996,28973368.366233595,1599423.1662335992,1778288.4887779057,28356729.961222094,30135018.45,31734441.6162336,1599423.1662335992,HIGH,MEDIUM,12.33914815834257,1.8530600872142051,Market uncertainty combined with current sequential deadline exposure
CARGO-012,Coking_Coal,MEDIUM,Newcastle_Australia,Dhamra,PANA-002,Panamax,801345.0,69000.0,96.78,12,5250.0,16.83,201.96,4000.0,8.35,210.31,30.0,504.9,6058.8,466.07,2823824.92,34.16,2026-09-20,27373945.2,30197770.12,37.6839,2027-01-01,2027-07-30 07:22:34.499999996,2027-01-26,-185.31,False,0.3,2026-09-20,CALCULATED,34.16,31.940870300834334,36.15592331172416,25595656.71122209,27373945.199999996,28973368.366233595,1599423.1662335992,1778288.4887779057,28419481.631222095,30197770.12,31797193.2862336,1599423.1662335992,HIGH,MEDIUM,12.33914815834257,1.8530600872142051,Market uncertainty combined with current sequential deadline exposure
CARGO-012,Coking_Coal,MEDIUM,Newcastle_Australia,Dhamra,PANA-003,Panamax,801345.0,62000.0,99.42,13,5250.0,16.83,218.79,4000.0,8.35,227.14,29.0,488.07,6344.91,466.07,2957172.2,34.16,2026-09-20,27373945.2,30331117.4,37.8503,2027-01-01,2027-08-16 03:17:46.499999996,2027-01-26,-202.14,False,0.3,2026-09-20,CALCULATED,34.16,31.940870300834334,36.15592331172416,25595656.71122209,27373945.199999996,28973368.366233595,1599423.1662335992,1778288.4887779057,28552828.911222093,30331117.4,31930540.566233598,1599423.1662335992,HIGH,MEDIUM,12.33914815834257,1.8530600872142051,Market uncertainty combined with current sequential deadline exposure
CARGO-012,Coking_Coal,MEDIUM,Newcastle_Australia,Dhamra,SUPRA-001,Supramax,801345.0,53000.0,94.5,16,5250.0,18.23,291.68,4000.0,8.35,300.03,26.0,473.98,7583.68,466.07,3534525.74,36.85,2026-09-20,29529563.25,33064088.99,41.2607,2027-01-01,2027-10-28 00:39:22.500000000,2027-01-26,-275.03,False,0.3,2026-09-20,CALCULATED,36.85,34.456120333306366,39.0030964296556,27611239.74849339,29529563.25,31254936.308422368,1725373.058422368,1918323.5015066117,31145765.488493387,33064088.99,34789462.04842237,1725373.058422368,HIGH,MEDIUM,12.33914815834257,1.8530600872142051,Market uncertainty combined with current sequential deadline exposure
CARGO-012,Coking_Coal,MEDIUM,Newcastle_Australia,Dhamra,SUPRA-002,Supramax,801345.0,47000.0,94.72,18,5250.0,18.23,328.14,4000.0,8.35,336.49,24.0,437.52,7875.36,466.07,3670469.04,36.85,2026-09-20,29529563.25,33200032.29,41.4304,2027-01-01,2027-12-03 11:41:46.499999996,2027-01-26,-311.49,False,0.3,2026-09-20,CALCULATED,36.85,34.456120333306366,39.0030964296556,27611239.74849339,29529563.25,31254936.308422368,1725373.058422368,1918323.5015066117,31281708.788493387,33200032.29,34925405.34842236,1725373.0584223643,HIGH,MEDIUM,12.33914815834257,1.8530600872142051,Market uncertainty combined with current sequential deadline exposure
CARGO-012,Coking_Coal,MEDIUM,Newcastle_Australia,Dhamra,SUPRA-003,Supramax,801345.0,44000.0,95.85,19,5250.0,18.23,346.37,4000.0,8.35,354.72,23.0,419.29,7966.51,466.07,3712951.32,36.85,2026-09-20,29529563.25,33242514.57,41.4834,2027-01-01,2027-12-21 17:12:58.500000000,2027-01-26,-329.72,False,0.3,2026-09-20,CALCULATED,36.85,34.456120333306366,39.0030964296556,27611239.74849339,29529563.25,31254936.308422368,1725373.058422368,1918323.5015066117,31324191.06849339,33242514.57,34967887.628422365,1725373.0584223643,HIGH,MEDIUM,12.33914815834257,1.8530600872142051,Market uncertainty combined with current sequential deadline exposure
CARGO-013,Coking_Coal,HIGH,Newcastle_Australia,Paradip,PANA-001,Panamax,361228.0,75000.0,96.33,5,5200.0,16.67,83.35,3000.0,5.02,88.37,32.0,533.44,2667.2,466.07,1243101.9,30.89,2026-09-20,11158332.92,12401434.82,34.3313,2027-02-01,2027-04-30 08:48:33.600000001,2027-02-26,-63.37,False,0.35,2026-09-20,CALCULATED,30.89,28.88329870002262,32.69486156613464,10433456.222811772,11158332.92,11810299.453811685,651966.5338116847,724876.6971882284,11676558.122811772,12401434.82,13053401.353811685,651966.5338116847,HIGH,MEDIUM,12.33914815834257,1.8530600872142051,Market uncertainty combined with current sequential deadline exposure
CARGO-013,Coking_Coal,HIGH,Newcastle_Australia,Paradip,PANA-002,Panamax,361228.0,69000.0,87.25,6,5200.0,16.67,100.02,3000.0,5.02,105.04,30.0,500.1,3000.6,466.07,1398489.64,30.89,2026-09-20,11158332.92,12556822.56,34.7615,2027-02-01,2027-05-17 00:53:21.600000002,2027-02-26,-80.04,False,0.35,2026-09-20,CALCULATED,30.89,28.88329870002262,32.69486156613464,10433456.222811772,11158332.92,11810299.453811685,651966.5338116847,724876.6971882284,11831945.862811772,12556822.56,13208789.093811685,651966.5338116847,HIGH,MEDIUM,12.33914815834257,1.8530600872142051,Market uncertainty combined with current sequential deadline exposure
CARGO-013,Coking_Coal,HIGH,Newcastle_Australia,Paradip,PANA-003,Panamax,361228.0,62000.0,97.1,6,5200.0,16.67,100.02,3000.0,5.02,105.04,29.0,483.43,2900.58,466.07,1351873.32,30.89,2026-09-20,11158332.92,12510206.24,34.6324,2027-02-01,2027-05-17 00:53:21.600000002,2027-02-26,-80.04,False,0.35,2026-09-20,CALCULATED,30.89,28.88329870002262,32.69486156613464,10433456.222811772,11158332.92,11810299.453811685,651966.5338116847,724876.6971882284,11785329.542811772,12510206.24,13162172.773811685,651966.5338116847,HIGH,MEDIUM,12.33914815834257,1.8530600872142051,Market uncertainty combined with current sequential deadline exposure
CARGO-013,Coking_Coal,HIGH,Newcastle_Australia,Paradip,SUPRA-001,Supramax,361228.0,53000.0,97.37,7,5200.0,18.06,126.42,3000.0,5.02,131.44,26.0,469.56,3286.92,466.07,1531934.8,36.2,2026-09-20,13076453.6,14608388.4,40.4409,2027-02-01,2027-06-12 10:29:21.600000000,2027-02-26,-106.44,False,0.35,2026-09-20,CALCULATED,36.2,33.84834616189119,38.3151177952112,12226970.387367632,13076453.600000001,13840493.370928552,764039.7709285505,849483.2126323693,13758905.187367631,14608388.4,15372428.17092855,764039.7709285505,HIGH,MEDIUM,12.33914815834257,1.8530600872142051,Market uncertainty combined with current sequential deadline exposure
CARGO-013,Coking_Coal,HIGH,Newcastle_Australia,Paradip,SUPRA-002,Supramax,361228.0,47000.0,96.07,8,5200.0,18.06,144.48,3000.0,5.02,149.5,24.0,433.44,3467.52,466.07,1616107.05,36.2,2026-09-20,13076453.6,14692560.65,40.6739,2027-02-01,2027-06-30 11:55:45.599999998,2027-02-26,-124.5,False,0.35,2026-09-20,CALCULATED,36.2,33.84834616189119,38.3151177952112,12226970.387367632,13076453.600000001,13840493.370928552,764039.7709285505,849483.2126323693,13843077.437367631,14692560.65,15456600.42092855,764039.7709285505,HIGH,MEDIUM,12.33914815834257,1.8530600872142051,Market uncertainty combined with current sequential deadline exposure
CARGO-013,Coking_Coal,HIGH,Newcastle_Australia,Paradip,SUPRA-003,Supramax,361228.0,44000.0,91.22,9,5200.0,18.06,162.54,3000.0,5.02,167.56,23.0,415.38,3738.42,466.07,1742365.41,36.2,2026-09-20,13076453.6,14818819.01,41.0235,2027-02-01,2027-07-18 13:22:09.600000000,2027-02-26,-142.56,False,0.35,2026-09-20,CALCULATED,36.2,33.84834616189119,38.3151177952112,12226970.387367632,13076453.600000001,13840493.370928552,764039.7709285505,849483.2126323693,13969335.79736763,14818819.01,15582858.78092855,764039.7709285505,HIGH,MEDIUM,12.33914815834257,1.8530600872142051,Market uncertainty combined with current sequential deadline exposure
CARGO-014,Coking_Coal,MEDIUM,Newcastle_Australia,Visakhapatnam,PANA-001,Panamax,781507.0,75000.0,94.73,11,5100.0,16.35,179.85,2500.0,13.03,192.88,32.0,523.2,5755.2,466.07,2682326.06,33.26,2026-09-20,25992922.82,28675248.88,36.6922,2027-02-01,2027-08-12 21:00:10.080000000,2027-02-26,-167.88,False,0.35,2026-09-20,CALCULATED,33.26,31.09933683272102,35.20333751018576,24304349.430129305,25992922.82,27511654.687572744,1518731.8675727434,1688573.3898706958,26986675.490129303,28675248.88,30193980.747572742,1518731.8675727434,HIGH,MEDIUM,12.33914815834257,1.8530600872142051,Market uncertainty combined with current sequential deadline exposure
CARGO-014,Coking_Coal,MEDIUM,Newcastle_Australia,Visakhapatnam,PANA-002,Panamax,781507.0,69000.0,94.38,12,5100.0,16.35,196.2,2500.0,13.03,209.23,30.0,490.5,5886.0,466.07,2743288.02,33.26,2026-09-20,25992922.82,28736210.84,36.7703,2027-02-01,2027-08-29 05:24:10.080000000,2027-02-26,-184.23,False,0.35,2026-09-20,CALCULATED,33.26,31.09933683272102,35.20333751018576,24304349.430129305,25992922.82,27511654.687572744,1518731.8675727434,1688573.3898706958,27047637.450129304,28736210.84,30254942.707572743,1518731.8675727434,HIGH,MEDIUM,12.33914815834257,1.8530600872142051,Market uncertainty combined with current sequential deadline exposure
CARGO-014,Coking_Coal,MEDIUM,Newcastle_Australia,Visakhapatnam,PANA-003,Panamax,781507.0,62000.0,96.96,13,5100.0,16.35,212.55,2500.0,13.03,225.58,29.0,474.15,6163.95,466.07,2872832.18,33.26,2026-09-20,25992922.82,28865755.0,36.936,2027-02-01,2027-09-14 13:48:10.080000000,2027-02-26,-200.58,False,0.35,2026-09-20,CALCULATED,33.26,31.09933683272102,35.20333751018576,24304349.430129305,25992922.82,27511654.687572744,1518731.8675727434,1688573.3898706958,27177181.610129304,28865755.0,30384486.867572743,1518731.8675727434,HIGH,MEDIUM,12.33914815834257,1.8530600872142051,Market uncertainty combined with current sequential deadline exposure
CARGO-014,Coking_Coal,MEDIUM,Newcastle_Australia,Visakhapatnam,SUPRA-001,Supramax,781507.0,53000.0,98.3,15,5100.0,17.71,265.65,2500.0,13.03,278.68,26.0,460.46,6906.9,466.07,3219098.88,36.38,2026-09-20,28431224.66,31650323.54,40.4991,2027-02-01,2027-11-06 16:12:10.080000000,2027-02-26,-253.68,False,0.35,2026-09-20,CALCULATED,36.38,34.016652855513854,38.505634955518886,26584252.323154066,28431224.66,30092423.2571827,1661198.5971826985,1846972.3368459344,29803351.203154065,31650323.54,33311522.137182698,1661198.5971826985,HIGH,MEDIUM,12.33914815834257,1.8530600872142051,Market uncertainty combined with current sequential deadline exposure
CARGO-014,Coking_Coal,MEDIUM,Newcastle_Australia,Visakhapatnam,SUPRA-002,Supramax,781507.0,47000.0,97.81,17,5100.0,17.71,301.07,2500.0,13.03,314.1,24.0,425.04,7225.68,466.07,3367672.68,36.38,2026-09-20,28431224.66,31798897.34,40.6892,2027-02-01,2027-12-12 02:16:58.080000000,2027-02-26,-289.1,False,0.35,2026-09-20,CALCULATED,36.38,34.016652855513854,38.505634955518886,26584252.323154066,28431224.66,30092423.2571827,1661198.5971826985,1846972.3368459344,29951925.003154065,31798897.34,33460095.9371827,1661198.5971826985,HIGH,MEDIUM,12.33914815834257,1.8530600872142051,Market uncertainty combined with current sequential deadline exposure
CARGO-014,Coking_Coal,MEDIUM,Newcastle_Australia,Visakhapatnam,SUPRA-003,Supramax,781507.0,44000.0,98.68,18,5100.0,17.71,318.78,2500.0,13.03,331.81,23.0,407.33,7331.94,466.07,3417197.28,36.38,2026-09-20,28431224.66,31848421.94,40.7526,2027-02-01,2027-12-29 19:19:22.080000004,2027-02-26,-306.81,False,0.35,2026-09-20,CALCULATED,36.38,34.016652855513854,38.505634955518886,26584252.323154066,28431224.66,30092423.2571827,1661198.5971826985,1846972.3368459344,30001449.603154067,31848421.94,33509620.5371827,1661198.5971826985,HIGH,MEDIUM,12.33914815834257,1.8530600872142051,Market uncertainty combined with current sequential deadline exposure
CARGO-015,Coking_Coal,MEDIUM,Newcastle_Australia,Dhamra,CAPE-002,Capesize,576100.0,163000.0,88.36,4,5250.0,15.62,62.48,4000.0,6.0,68.48,52.0,812.24,3248.96,466.07,1514242.79,35.68,2026-09-20,20555248.0,22069490.79,38.3084,2027-02-01,2027-04-10 11:32:42.000000000,2027-02-26,-43.48,False,0.3,2026-09-20,CALCULATED,35.68,33.36212682475905,37.76473488765568,19219921.26374369,20555248.0,21756263.768778436,1201015.768778436,1335326.7362563089,20734164.05374369,22069490.79,23270506.558778435,1201015.768778436,HIGH,MEDIUM,12.33914815834257,1.8530600872142051,Market uncertainty combined with current sequential deadline exposure
CARGO-015,Coking_Coal,MEDIUM,Newcastle_Australia,Dhamra,CAPE-003,Capesize,576100.0,145000.0,99.33,4,5250.0,15.62,62.48,4000.0,6.0,68.48,48.0,749.76,2999.04,466.07,1397762.57,35.68,2026-09-20,20555248.0,21953010.57,38.1062,2027-02-01,2027-04-10 11:32:42.000000000,2027-02-26,-43.48,False,0.3,2026-09-20,CALCULATED,35.68,33.36212682475905,37.76473488765568,19219921.26374369,20555248.0,21756263.768778436,1201015.768778436,1335326.7362563089,20617683.83374369,21953010.57,23154026.338778436,1201015.768778436,HIGH,MEDIUM,12.33914815834257,1.8530600872142051,Market uncertainty combined with current sequential deadline exposure
CARGO-015,Coking_Coal,MEDIUM,Newcastle_Australia,Dhamra,PANA-001,Panamax,576100.0,75000.0,96.02,8,5250.0,16.83,134.64,4000.0,6.0,140.64,32.0,538.56,4308.48,466.07,2008053.27,34.16,2026-09-20,19679576.0,21687629.27,37.6456,2027-02-01,2027-06-21 15:23:06.000000000,2027-02-26,-115.64,False,0.3,2026-09-20,CALCULATED,34.16,31.940870300834334,36.15592331172416,18401135.38031066,19679575.999999996,20829427.419884287,1149851.4198842905,1278440.619689338,20409188.65031066,21687629.27,22837480.68988429,1149851.4198842905,HIGH,MEDIUM,12.33914815834257,1.8530600872142051,Market uncertainty combined with current sequential deadline exposure
CARGO-015,Coking_Coal,MEDIUM,Newcastle_Australia,Dhamra,PANA-002,Panamax,576100.0,69000.0,92.77,9,5250.0,16.83,151.47,4000.0,6.0,157.47,30.0,504.9,4544.1,466.07,2117868.69,34.16,2026-09-20,19679576.0,21797444.69,37.8362,2027-02-01,2027-07-08 11:18:17.999999998,2027-02-26,-132.47,False,0.3,2026-09-20,CALCULATED,34.16,31.940870300834334,36.15592331172416,18401135.38031066,19679575.999999996,20829427.419884287,1149851.4198842905,1278440.619689338,20519004.070310663,21797444.69,22947296.109884292,1149851.4198842905,HIGH,MEDIUM,12.33914815834257,1.8530600872142051,Market uncertainty combined with current sequential deadline exposure
CARGO-015,Coking_Coal,MEDIUM,Newcastle_Australia,Dhamra,PANA-003,Panamax,576100.0,62000.0,92.92,10,5250.0,16.83,168.3,4000.0,6.0,174.3,29.0,488.07,4880.7,466.07,2274747.85,34.16,2026-09-20,19679576.0,21954323.85,38.1085,2027-02-01,2027-07-25 07:13:30.000000002,2027-02-26,-149.3,False,0.3,2026-09-20,CALCULATED,34.16,31.940870300834334,36.15592331172416,18401135.38031066,19679575.999999996,20829427.419884287,1149851.4198842905,1278440.619689338,20675883.230310664,21954323.85,23104175.269884292,1149851.4198842905,HIGH,MEDIUM,12.33914815834257,1.8530600872142051,Market uncertainty combined with current sequential deadline exposure
CARGO-015,Coking_Coal,MEDIUM,Newcastle_Australia,Dhamra,SUPRA-001,Supramax,576100.0,53000.0,98.82,11,5250.0,18.23,200.53,4000.0,6.0,206.53,26.0,473.98,5213.78,466.07,2429986.44,36.85,2026-09-20,21229285.0,23659271.44,41.068,2027-02-01,2027-08-26 12:44:42.000000004,2027-02-26,-181.53,False,0.3,2026-09-20,CALCULATED,36.85,34.456120333306366,39.0030964296556,19850170.9240178,21229285.0,22469683.853124592,1240398.8531245925,1379114.0759822018,22280157.3640178,23659271.44,24899670.293124594,1240398.8531245925,HIGH,MEDIUM,12.33914815834257,1.8530600872142051,Market uncertainty combined with current sequential deadline exposure
CARGO-015,Coking_Coal,MEDIUM,Newcastle_Australia,Dhamra,SUPRA-002,Supramax,576100.0,47000.0,94.29,13,5250.0,18.23,236.99,4000.0,6.0,242.99,24.0,437.52,5687.76,466.07,2650894.3,36.85,2026-09-20,21229285.0,23880179.3,41.4514,2027-02-01,2027-10-01 23:47:06.000000004,2027-02-26,-217.99,False,0.3,2026-09-20,CALCULATED,36.85,34.456120333306366,39.0030964296556,19850170.9240178,21229285.0,22469683.853124592,1240398.8531245925,1379114.0759822018,22501065.2240178,23880179.3,25120578.153124593,1240398.8531245925,HIGH,MEDIUM,12.33914815834257,1.8530600872142051,Market uncertainty combined with current sequential deadline exposure
CARGO-015,Coking_Coal,MEDIUM,Newcastle_Australia,Dhamra,SUPRA-003,Supramax,576100.0,44000.0,93.52,14,5250.0,18.23,255.22,4000.0,6.0,261.22,23.0,419.29,5870.06,466.07,2735858.86,36.85,2026-09-20,21229285.0,23965143.86,41.5989,2027-02-01,2027-10-20 05:18:18.000000000,2027-02-26,-236.22,False,0.3,2026-09-20,CALCULATED,36.85,34.456120333306366,39.0030964296556,19850170.9240178,21229285.0,22469683.853124592,1240398.8531245925,1379114.0759822018,22586029.784017798,23965143.86,25205542.71312459,1240398.8531245925,HIGH,MEDIUM,12.33914815834257,1.8530600872142051,Market uncertainty combined with current sequential deadline exposure
CARGO-016,Coking_Coal,HIGH,Newcastle_Australia,Paradip,PANA-001,Panamax,473178.0,75000.0,90.13,7,5200.0,16.67,116.69,3000.0,6.57,123.26,32.0,533.44,3734.08,466.07,1740342.67,30.89,2026-09-20,14616468.42,16356811.09,34.568,2027-03-01,2027-07-02 06:17:09.600000000,2027-03-26,-98.26,False,0.35,2026-09-20,CALCULATED,30.89,28.88329870002262,32.69486156613464,13666941.512279304,14616468.42,15470489.206140457,854020.7861404568,949526.9077206962,15407284.182279304,16356811.09,17210831.876140457,854020.7861404568,HIGH,MEDIUM,12.33914815834257,1.8530600872142051,Market uncertainty combined with current sequential deadline exposure
CARGO-016,Coking_Coal,HIGH,Newcastle_Australia,Paradip,PANA-002,Panamax,473178.0,69000.0,97.97,7,5200.0,16.67,116.69,3000.0,6.57,123.26,30.0,500.1,3500.7,466.07,1631571.25,30.89,2026-09-20,14616468.42,16248039.67,34.3381,2027-03-01,2027-07-02 06:17:09.600000000,2027-03-26,-98.26,False,0.35,2026-09-20,CALCULATED,30.89,28.88329870002262,32.69486156613464,13666941.512279304,14616468.42,15470489.206140457,854020.7861404568,949526.9077206962,15298512.762279304,16248039.67,17102060.45614046,854020.7861404587,HIGH,MEDIUM,12.33914815834257,1.8530600872142051,Market uncertainty combined with current sequential deadline exposure
CARGO-016,Coking_Coal,HIGH,Newcastle_Australia,Paradip,PANA-003,Panamax,473178.0,62000.0,95.4,8,5200.0,16.67,133.36,3000.0,6.57,139.93,29.0,483.43,3867.44,466.07,1802497.76,30.89,2026-09-20,14616468.42,16418966.18,34.6993,2027-03-01,2027-07-18 22:21:57.600000000,2027-03-26,-114.93,False,0.35,2026-09-20,CALCULATED,30.89,28.88329870002262,32.69486156613464,13666941.512279304,14616468.42,15470489.206140457,854020.7861404568,949526.9077206962,15469439.272279304,16418966.18,17272986.966140456,854020.7861404568,HIGH,MEDIUM,12.33914815834257,1.8530600872142051,Market uncertainty combined with current sequential deadline exposure
CARGO-016,Coking_Coal,HIGH,Newcastle_Australia,Paradip,SUPRA-001,Supramax,473178.0,53000.0,99.2,9,5200.0,18.06,162.54,3000.0,6.57,169.11,26.0,469.56,4226.04,466.07,1969630.46,36.2,2026-09-20,17129043.6,19098674.06,40.3626,2027-03-01,2027-08-17 02:41:09.600000000,2027-03-26,-144.11,False,0.35,2026-09-20,CALCULATED,36.2,33.84834616189119,38.3151177952112,16016292.740191352,17129043.6,18129870.808102444,1000827.2081024423,1112750.8598086499,17985923.20019135,19098674.06,20099501.26810244,1000827.2081024423,HIGH,MEDIUM,12.33914815834257,1.8530600872142051,Market uncertainty combined with current sequential deadline exposure
CARGO-016,Coking_Coal,HIGH,Newcastle_Australia,Paradip,SUPRA-002,Supramax,473178.0,47000.0,91.52,11,5200.0,18.06,198.66,3000.0,6.57,205.23,24.0,433.44,4767.84,466.07,2222147.19,36.2,2026-09-20,17129043.6,19351190.79,40.8962,2027-03-01,2027-09-22 05:33:57.600000002,2027-03-26,-180.23,False,0.35,2026-09-20,CALCULATED,36.2,33.84834616189119,38.3151177952112,16016292.740191352,17129043.6,18129870.808102444,1000827.2081024423,1112750.8598086499,18238439.93019135,19351190.79,20352017.99810244,1000827.2081024423,HIGH,MEDIUM,12.33914815834257,1.8530600872142051,Market uncertainty combined with current sequential deadline exposure
CARGO-016,Coking_Coal,HIGH,Newcastle_Australia,Paradip,SUPRA-003,Supramax,473178.0,44000.0,97.76,11,5200.0,18.06,198.66,3000.0,6.57,205.23,23.0,415.38,4569.18,466.07,2129557.72,36.2,2026-09-20,17129043.6,19258601.32,40.7005,2027-03-01,2027-09-22 05:33:57.600000002,2027-03-26,-180.23,False,0.35,2026-09-20,CALCULATED,36.2,33.84834616189119,38.3151177952112,16016292.740191352,17129043.6,18129870.808102444,1000827.2081024423,1112750.8598086499,18145850.46019135,19258601.32,20259428.528102443,1000827.2081024423,HIGH,MEDIUM,12.33914815834257,1.8530600872142051,Market uncertainty combined with current sequential deadline exposure
CARGO-017,Coking_Coal,MEDIUM,Newcastle_Australia,Visakhapatnam,PANA-001,Panamax,470250.0,75000.0,89.57,7,5100.0,16.35,114.45,2500.0,7.84,122.29,32.0,523.2,3662.4,466.07,1706934.77,33.26,2026-09-20,15640515.0,17347449.77,36.8898,2027-03-01,2027-07-01 06:54:00.000000002,2027-03-26,-97.29,False,0.35,2026-09-20,CALCULATED,33.26,31.09933683272102,35.20333751018576,14624463.145587059,15640514.999999998,16554369.464164855,913854.4641648568,1016051.8544129394,16331397.91558706,17347449.77,18261304.234164856,913854.4641648568,HIGH,MEDIUM,12.33914815834257,1.8530600872142051,Market uncertainty combined with current sequential deadline exposure
CARGO-017,Coking_Coal,MEDIUM,Newcastle_Australia,Visakhapatnam,PANA-002,Panamax,470250.0,69000.0,97.36,7,5100.0,16.35,114.45,2500.0,7.84,122.29,30.0,490.5,3433.5,466.07,1600251.35,33.26,2026-09-20,15640515.0,17240766.34,36.663,2027-03-01,2027-07-01 06:54:00.000000002,2027-03-26,-97.29,False,0.35,2026-09-20,CALCULATED,33.26,31.09933683272102,35.20333751018576,14624463.145587059,15640514.999999998,16554369.464164855,913854.4641648568,1016051.8544129394,16224714.48558706,17240766.34,18154620.804164857,913854.4641648568,HIGH,MEDIUM,12.33914815834257,1.8530600872142051,Market uncertainty combined with current sequential deadline exposure
CARGO-017,Coking_Coal,MEDIUM,Newcastle_Australia,Visakhapatnam,PANA-003,Panamax,470250.0,62000.0,94.81,8,5100.0,16.35,130.8,2500.0,7.84,138.64,29.0,474.15,3793.2,466.07,1767896.72,33.26,2026-09-20,15640515.0,17408411.72,37.0195,2027-03-01,2027-07-17 15:18:00.000000000,2027-03-26,-113.64,False,0.35,2026-09-20,CALCULATED,33.26,31.09933683272102,35.20333751018576,14624463.145587059,15640514.999999998,16554369.464164855,913854.4641648568,1016051.8544129394,16392359.86558706,17408411.72,18322266.184164856,913854.4641648568,HIGH,MEDIUM,12.33914815834257,1.8530600872142051,Market uncertainty combined with current sequential deadline exposure
CARGO-017,Coking_Coal,MEDIUM,Newcastle_Australia,Visakhapatnam,SUPRA-001,Supramax,470250.0,53000.0,98.58,9,5100.0,17.71,159.39,2500.0,7.84,167.23,26.0,460.46,4144.14,466.07,1931459.33,36.38,2026-09-20,17107695.0,19039154.33,40.4873,2027-03-01,2027-08-15 05:27:36.000000002,2027-03-26,-142.23,False,0.35,2026-09-20,CALCULATED,36.38,34.016652855513854,38.505634955518886,15996331.00530539,17107695.0,18107274.837832756,999579.8378327563,1111363.9946946092,17927790.33530539,19039154.33,20038734.167832755,999579.8378327563,HIGH,MEDIUM,12.33914815834257,1.8530600872142051,Market uncertainty combined with current sequential deadline exposure
CARGO-017,Coking_Coal,MEDIUM,Newcastle_Australia,Visakhapatnam,SUPRA-002,Supramax,470250.0,47000.0,90.96,11,5100.0,17.71,194.81,2500.0,7.84,202.65,24.0,425.04,4675.44,466.07,2179082.32,36.38,2026-09-20,17107695.0,19286777.32,41.0139,2027-03-01,2027-09-19 15:32:24.000000000,2027-03-26,-177.65,False,0.35,2026-09-20,CALCULATED,36.38,34.016652855513854,38.505634955518886,15996331.00530539,17107695.0,18107274.837832756,999579.8378327563,1111363.9946946092,18175413.32530539,19286777.32,20286357.157832757,999579.8378327563,HIGH,MEDIUM,12.33914815834257,1.8530600872142051,Market uncertainty combined with current sequential deadline exposure
CARGO-017,Coking_Coal,MEDIUM,Newcastle_Australia,Visakhapatnam,SUPRA-003,Supramax,470250.0,44000.0,97.16,11,5100.0,17.71,194.81,2500.0,7.84,202.65,23.0,407.33,4480.63,466.07,2088287.22,36.38,2026-09-20,17107695.0,19195982.22,40.8208,2027-03-01,2027-09-19 15:32:24.000000000,2027-03-26,-177.65,False,0.35,2026-09-20,CALCULATED,36.38,34.016652855513854,38.505634955518886,15996331.00530539,17107695.0,18107274.837832756,999579.8378327563,1111363.9946946092,18084618.22530539,19195982.22,20195562.057832755,999579.8378327563,HIGH,MEDIUM,12.33914815834257,1.8530600872142051,Market uncertainty combined with current sequential deadline exposure
CARGO-018,Coking_Coal,MEDIUM,Newcastle_Australia,Dhamra,CAPE-002,Capesize,581515.0,163000.0,89.19,4,5250.0,15.62,62.48,4000.0,6.06,68.54,52.0,812.24,3248.96,466.07,1514242.79,35.68,2026-09-20,20748455.2,22262697.99,38.284,2027-03-01,2027-05-08 12:53:55.499999999,2027-03-26,-43.54,False,0.3,2026-09-20,CALCULATED,35.68,33.36212682475905,37.76473488765568,19400577.18049976,20748455.2,21960759.80819509,1212304.6081950925,1347878.0195002407,20914819.970499758,22262697.99,23475002.59819509,1212304.6081950925,HIGH,MEDIUM,12.33914815834257,1.8530600872142051,Market uncertainty combined with current sequential deadline exposure
CARGO-018,Coking_Coal,MEDIUM,Newcastle_Australia,Dhamra,CAPE-003,Capesize,581515.0,145000.0,80.21,5,5250.0,15.62,78.1,4000.0,6.06,84.16,48.0,749.76,3748.8,466.07,1747203.22,35.68,2026-09-20,20748455.2,22495658.42,38.6846,2027-03-01,2027-05-24 03:46:43.499999999,2027-03-26,-59.16,False,0.3,2026-09-20,CALCULATED,35.68,33.36212682475905,37.76473488765568,19400577.18049976,20748455.2,21960759.80819509,1212304.6081950925,1347878.0195002407,21147780.40049976,22495658.42,23707963.028195094,1212304.6081950925,HIGH,MEDIUM,12.33914815834257,1.8530600872142051,Market uncertainty combined with current sequential deadline exposure
CARGO-018,Coking_Coal,MEDIUM,Newcastle_Australia,Dhamra,PANA-001,Panamax,581515.0,75000.0,96.92,8,5250.0,16.83,134.64,4000.0,6.06,140.7,32.0,538.56,4308.48,466.07,2008053.27,34.16,2026-09-20,19864552.4,21872605.67,37.6131,2027-03-01,2027-07-19 16:44:19.499999998,2027-03-26,-115.7,False,0.3,2026-09-20,CALCULATED,34.16,31.940870300834334,36.15592331172416,18574095.192989677,19864552.4,21025211.744617276,1160659.3446172774,1290457.2070103213,20582148.46298968,21872605.67,23033265.01461728,1160659.3446172774,HIGH,MEDIUM,12.33914815834257,1.8530600872142051,Market uncertainty combined with current sequential deadline exposure
CARGO-018,Coking_Coal,MEDIUM,Newcastle_Australia,Dhamra,PANA-002,Panamax,581515.0,69000.0,93.64,9,5250.0,16.83,151.47,4000.0,6.06,157.53,30.0,504.9,4544.1,466.07,2117868.69,34.16,2026-09-20,19864552.4,21982421.09,37.802,2027-03-01,2027-08-05 12:39:31.499999996,2027-03-26,-132.53,False,0.3,2026-09-20,CALCULATED,34.16,31.940870300834334,36.15592331172416,18574095.192989677,19864552.4,21025211.744617276,1160659.3446172774,1290457.2070103213,20691963.88298968,21982421.09,23143080.434617277,1160659.3446172774,HIGH,MEDIUM,12.33914815834257,1.8530600872142051,Market uncertainty combined with current sequential deadline exposure
CARGO-018,Coking_Coal,MEDIUM,Newcastle_Australia,Dhamra,PANA-003,Panamax,581515.0,62000.0,93.79,10,5250.0,16.83,168.3,4000.0,6.06,174.36,29.0,488.07,4880.7,466.07,2274747.85,34.16,2026-09-20,19864552.4,22139300.25,38.0718,2027-03-01,2027-08-22 08:34:43.499999998,2027-03-26,-149.36,False,0.3,2026-09-20,CALCULATED,34.16,31.940870300834334,36.15592331172416,18574095.192989677,19864552.4,21025211.744617276,1160659.3446172774,1290457.2070103213,20848843.04298968,22139300.25,23299959.594617277,1160659.3446172774,HIGH,MEDIUM,12.33914815834257,1.8530600872142051,Market uncertainty combined with current sequential deadline exposure
CARGO-018,Coking_Coal,MEDIUM,Newcastle_Australia,Dhamra,SUPRA-001,Supramax,581515.0,53000.0,99.75,11,5250.0,18.23,200.53,4000.0,6.06,206.59,26.0,473.98,5213.78,466.07,2429986.44,36.85,2026-09-20,21428827.75,23858814.19,41.0287,2027-03-01,2027-09-23 14:05:55.500000000,2027-03-26,-181.59,False,0.3,2026-09-20,CALCULATED,36.85,34.456120333306366,39.0030964296556,20036750.81562265,21428827.75,22680885.620291177,1252057.8702911772,1392076.93437735,22466737.25562265,23858814.19,25110872.06029118,1252057.8702911772,HIGH,MEDIUM,12.33914815834257,1.8530600872142051,Market uncertainty combined with current sequential deadline exposure
CARGO-018,Coking_Coal,MEDIUM,Newcastle_Australia,Dhamra,SUPRA-002,Supramax,581515.0,47000.0,95.17,13,5250.0,18.23,236.99,4000.0,6.06,243.05,24.0,437.52,5687.76,466.07,2650894.3,36.85,2026-09-20,21428827.75,24079722.05,41.4086,2027-03-01,2027-10-30 01:08:19.500000000,2027-03-26,-218.05,False,0.3,2026-09-20,CALCULATED,36.85,34.456120333306366,39.0030964296556,20036750.81562265,21428827.75,22680885.620291177,1252057.8702911772,1392076.93437735,22687645.11562265,24079722.05,25331779.920291178,1252057.8702911772,HIGH,MEDIUM,12.33914815834257,1.8530600872142051,Market uncertainty combined with current sequential deadline exposure
CARGO-018,Coking_Coal,MEDIUM,Newcastle_Australia,Dhamra,SUPRA-003,Supramax,581515.0,44000.0,94.4,14,5250.0,18.23,255.22,4000.0,6.06,261.28,23.0,419.29,5870.06,466.07,2735858.86,36.85,2026-09-20,21428827.75,24164686.61,41.5547,2027-03-01,2027-11-17 06:39:31.500000000,2027-03-26,-236.28,False,0.3,2026-09-20,CALCULATED,36.85,34.456120333306366,39.0030964296556,20036750.81562265,21428827.75,22680885.620291177,1252057.8702911772,1392076.93437735,22772609.67562265,24164686.61,25416744.480291177,1252057.8702911772,HIGH,MEDIUM,12.33914815834257,1.8530600872142051,Market uncertainty combined with current sequential deadline exposure
