cargo_id,commodity,quantity_tonnes,origin,destination,earliest_arrival,required_by,priority,source
CARGO-001,Coking_Coal,364833,Newcastle_Australia,Paradip,2026-10-01,2026-10-26,HIGH,SYNTHETIC_DEMO_REQUIREMENT
CARGO-002,Coking_Coal,691263,Newcastle_Australia,Visakhapatnam,2026-10-01,2026-10-26,MEDIUM,SYNTHETIC_DEMO_REQUIREMENT
CARGO-003,Coking_Coal,861063,Newcastle_Australia,Dhamra,2026-10-01,2026-10-26,MEDIUM,SYNTHETIC_DEMO_REQUIREMENT
CARGO-004,Coking_Coal,628409,Newcastle_Australia,Paradip,2026-11-01,2026-11-26,HIGH,SYNTHETIC_DEMO_REQUIREMENT
CARGO-005,Coking_Coal,629861,Newcastle_Australia,Visakhapatnam,2026-11-01,2026-11-26,MEDIUM,SYNTHETIC_DEMO_REQUIREMENT
CARGO-006,Coking_Coal,819434,Newcastle_Australia,Dhamra,2026-11-01,2026-11-26,MEDIUM,SYNTHETIC_DEMO_REQUIREMENT
CARGO-007,Coking_Coal,760029,Newcastle_Australia,Paradip,2026-12-01,2026-12-26,HIGH,SYNTHETIC_DEMO_REQUIREMENT
CARGO-008,Coking_Coal,643559,Newcastle_Australia,Visakhapatnam,2026-12-01,2026-12-26,MEDIUM,SYNTHETIC_DEMO_REQUIREMENT
CARGO-009,Coking_Coal,779275,Newcastle_Australia,Dhamra,2026-12-01,2026-12-26,MEDIUM,SYNTHETIC_DEMO_REQUIREMENT
CARGO-010,Coking_Coal,869720,Newcastle_Australia,Paradip,2027-01-01,2027-01-26,HIGH,SYNTHETIC_DEMO_REQUIREMENT
CARGO-011,Coking_Coal,865254,Newcastle_Australia,Visakhapatnam,2027-01-01,2027-01-26,MEDIUM,SYNTHETIC_DEMO_REQUIREMENT
CARGO-012,Coking_Coal,801345,Newcastle_Australia,Dhamra,2027-01-01,2027-01-26,MEDIUM,SYNTHETIC_DEMO_REQUIREMENT
CARGO-013,Coking_Coal,361228,Newcastle_Australia,Paradip,2027-02-01,2027-02-26,HIGH,SYNTHETIC_DEMO_REQUIREMENT
CARGO-014,Coking_Coal,781507,Newcastle_Australia,Visakhapatnam,2027-02-01,2027-02-26,MEDIUM,SYNTHETIC_DEMO_REQUIREMENT
CARGO-015,Coking_Coal,576100,Newcastle_Australia,Dhamra,2027-02-01,2027-02-26,MEDIUM,SYNTHETIC_DEMO_REQUIREMENT
CARGO-016,Coking_Coal,473178,Newcastle_Australia,Paradip,2027-03-01,2027-03-26,HIGH,SYNTHETIC_DEMO_REQUIREMENT
CARGO-017,Coking_Coal,470250,Newcastle_Australia,Visakhapatnam,2027-03-01,2027-03-26,MEDIUM,SYNTHETIC_DEMO_REQUIREMENT
CARGO-018,Coking_Coal,581515,Newcastle_Australia,Dhamra,2027-03-01,2027-03-26,MEDIUM,SYNTHETIC_DEMO_REQUIREMENT
