vessel_id,vessel_type,dwt_mt,loa_m,beam_m,draft_m,speed_knots,cargo_capacity_mt,fuel_consumption_laden_mt_day,fuel_consumption_ballast_mt_day,source
CAPE-001,Capesize,182000,292,45,18.2,14,165000,52,44,REPRESENTATIVE_PROTOTYPE_PROFILES
CAPE-002,Capesize,180000,290,45,18.0,14,163000,52,44,REPRESENTATIVE_PROTOTYPE_PROFILES
CAPE-003,Capesize,160000,280,43,16.8,14,145000,48,41,REPRESENTATIVE_PROTOTYPE_PROFILES
PANA-001,Panamax,82000,229,32,14.2,13,75000,32,28,REPRESENTATIVE_PROTOTYPE_PROFILES
PANA-002,Panamax,76000,225,32,13.8,13,69000,30,27,REPRESENTATIVE_PROTOTYPE_PROFILES
PANA-003,Panamax,68000,215,32,13.2,13,62000,29,26,REPRESENTATIVE_PROTOTYPE_PROFILES
SUPRA-001,Supramax,58000,190,32,12.0,12,53000,26,23,REPRESENTATIVE_PROTOTYPE_PROFILES
SUPRA-002,Supramax,52000,185,30,11.5,12,47000,24,22,REPRESENTATIVE_PROTOTYPE_PROFILES
SUPRA-003,Supramax,48000,180,29,11.0,12,44000,23,21,REPRESENTATIVE_PROTOTYPE_PROFILES
