voyage_id,origin,destination,vessel_type,distance_nm,estimated_sailing_days,source
VOY-0001,Newcastle_Australia,Paradip,Capesize,5200,15.48,SYNTHETIC_ROUTE_REFERENCE
VOY-0002,Newcastle_Australia,Paradip,Panamax,5200,16.67,SYNTHETIC_ROUTE_REFERENCE
VOY-0003,Newcastle_Australia,Paradip,Supramax,5200,18.06,SYNTHETIC_ROUTE_REFERENCE
VOY-0004,Newcastle_Australia,Visakhapatnam,Capesize,5100,15.18,SYNTHETIC_ROUTE_REFERENCE
VOY-0005,Newcastle_Australia,Visakhapatnam,Panamax,5100,16.35,SYNTHETIC_ROUTE_REFERENCE
VOY-0006,Newcastle_Australia,Visakhapatnam,Supramax,5100,17.71,SYNTHETIC_ROUTE_REFERENCE
VOY-0007,Newcastle_Australia,Gangavaram,Capesize,5050,15.03,SYNTHETIC_ROUTE_REFERENCE
VOY-0008,Newcastle_Australia,Gangavaram,Panamax,5050,16.19,SYNTHETIC_ROUTE_REFERENCE
VOY-0009,Newcastle_Australia,Gangavaram,Supramax,5050,17.53,SYNTHETIC_ROUTE_REFERENCE
VOY-0010,Newcastle_Australia,Gopalpur,Capesize,5150,15.33,SYNTHETIC_ROUTE_REFERENCE
VOY-0011,Newcastle_Australia,Gopalpur,Panamax,5150,16.51,SYNTHETIC_ROUTE_REFERENCE
VOY-0012,Newcastle_Australia,Gopalpur,Supramax,5150,17.88,SYNTHETIC_ROUTE_REFERENCE
VOY-0013,Newcastle_Australia,Dhamra,Capesize,5250,15.62,SYNTHETIC_ROUTE_REFERENCE
VOY-0014,Newcastle_Australia,Dhamra,Panamax,5250,16.83,SYNTHETIC_ROUTE_REFERENCE
VOY-0015,Newcastle_Australia,Dhamra,Supramax,5250,18.23,SYNTHETIC_ROUTE_REFERENCE
VOY-0016,Newcastle_Australia,Sagar_Sandheads,Capesize,5500,16.37,SYNTHETIC_ROUTE_REFERENCE
VOY-0017,Newcastle_Australia,Sagar_Sandheads,Panamax,5500,17.63,SYNTHETIC_ROUTE_REFERENCE
VOY-0018,Newcastle_Australia,Sagar_Sandheads,Supramax,5500,19.1,SYNTHETIC_ROUTE_REFERENCE
VOY-0019,Newcastle_Australia,Haldia,Capesize,5550,16.52,SYNTHETIC_ROUTE_REFERENCE
VOY-0020,Newcastle_Australia,Haldia,Panamax,5550,17.79,SYNTHETIC_ROUTE_REFERENCE
VOY-0021,Newcastle_Australia,Haldia,Supramax,5550,19.27,SYNTHETIC_ROUTE_REFERENCE
VOY-0022,Hay_Point_Australia,Paradip,Capesize,5000,14.88,SYNTHETIC_ROUTE_REFERENCE
VOY-0023,Hay_Point_Australia,Paradip,Panamax,5000,16.03,SYNTHETIC_ROUTE_REFERENCE
VOY-0024,Hay_Point_Australia,Paradip,Supramax,5000,17.36,SYNTHETIC_ROUTE_REFERENCE
VOY-0025,Hay_Point_Australia,Visakhapatnam,Capesize,4900,14.58,SYNTHETIC_ROUTE_REFERENCE
VOY-0026,Hay_Point_Australia,Visakhapatnam,Panamax,4900,15.71,SYNTHETIC_ROUTE_REFERENCE
VOY-0027,Hay_Point_Australia,Visakhapatnam,Supramax,4900,17.01,SYNTHETIC_ROUTE_REFERENCE
VOY-0028,Hay_Point_Australia,Gangavaram,Capesize,4850,14.43,SYNTHETIC_ROUTE_REFERENCE
VOY-0029,Hay_Point_Australia,Gangavaram,Panamax,4850,15.54,SYNTHETIC_ROUTE_REFERENCE
VOY-0030,Hay_Point_Australia,Gangavaram,Supramax,4850,16.84,SYNTHETIC_ROUTE_REFERENCE
VOY-0031,Hay_Point_Australia,Gopalpur,Capesize,4950,14.73,SYNTHETIC_ROUTE_REFERENCE
VOY-0032,Hay_Point_Australia,Gopalpur,Panamax,4950,15.87,SYNTHETIC_ROUTE_REFERENCE
VOY-0033,Hay_Point_Australia,Gopalpur,Supramax,4950,17.19,SYNTHETIC_ROUTE_REFERENCE
VOY-0034,Hay_Point_Australia,Dhamra,Capesize,5050,15.03,SYNTHETIC_ROUTE_REFERENCE
VOY-0035,Hay_Point_Australia,Dhamra,Panamax,5050,16.19,SYNTHETIC_ROUTE_REFERENCE
VOY-0036,Hay_Point_Australia,Dhamra,Supramax,5050,17.53,SYNTHETIC_ROUTE_REFERENCE
VOY-0037,Hay_Point_Australia,Sagar_Sandheads,Capesize,5300,15.77,SYNTHETIC_ROUTE_REFERENCE
VOY-0038,Hay_Point_Australia,Sagar_Sandheads,Panamax,5300,16.99,SYNTHETIC_ROUTE_REFERENCE
VOY-0039,Hay_Point_Australia,Sagar_Sandheads,Supramax,5300,18.4,SYNTHETIC_ROUTE_REFERENCE
VOY-0040,Hay_Point_Australia,Haldia,Capesize,5350,15.92,SYNTHETIC_ROUTE_REFERENCE
VOY-0041,Hay_Point_Australia,Haldia,Panamax,5350,17.15,SYNTHETIC_ROUTE_REFERENCE
VOY-0042,Hay_Point_Australia,Haldia,Supramax,5350,18.58,SYNTHETIC_ROUTE_REFERENCE
VOY-0043,Richards_Bay_South_Africa,Paradip,Capesize,6100,18.15,SYNTHETIC_ROUTE_REFERENCE
VOY-0044,Richards_Bay_South_Africa,Paradip,Panamax,6100,19.55,SYNTHETIC_ROUTE_REFERENCE
VOY-0045,Richards_Bay_South_Africa,Paradip,Supramax,6100,21.18,SYNTHETIC_ROUTE_REFERENCE
VOY-0046,Richards_Bay_South_Africa,Visakhapatnam,Capesize,6200,18.45,SYNTHETIC_ROUTE_REFERENCE
VOY-0047,Richards_Bay_South_Africa,Visakhapatnam,Panamax,6200,19.87,SYNTHETIC_ROUTE_REFERENCE
VOY-0048,Richards_Bay_South_Africa,Visakhapatnam,Supramax,6200,21.53,SYNTHETIC_ROUTE_REFERENCE
VOY-0049,Richards_Bay_South_Africa,Gangavaram,Capesize,6250,18.6,SYNTHETIC_ROUTE_REFERENCE
VOY-0050,Richards_Bay_South_Africa,Gangavaram,Panamax,6250,20.03,SYNTHETIC_ROUTE_REFERENCE
VOY-0051,Richards_Bay_South_Africa,Gangavaram,Supramax,6250,21.7,SYNTHETIC_ROUTE_REFERENCE
VOY-0052,Richards_Bay_South_Africa,Gopalpur,Capesize,6150,18.3,SYNTHETIC_ROUTE_REFERENCE
VOY-0053,Richards_Bay_South_Africa,Gopalpur,Panamax,6150,19.71,SYNTHETIC_ROUTE_REFERENCE
VOY-0054,Richards_Bay_South_Africa,Gopalpur,Supramax,6150,21.35,SYNTHETIC_ROUTE_REFERENCE
VOY-0055,Richards_Bay_South_Africa,Dhamra,Capesize,6050,18.01,SYNTHETIC_ROUTE_REFERENCE
VOY-0056,Richards_Bay_South_Africa,Dhamra,Panamax,6050,19.39,SYNTHETIC_ROUTE_REFERENCE
VOY-0057,Richards_Bay_South_Africa,Dhamra,Supramax,6050,21.01,SYNTHETIC_ROUTE_REFERENCE
VOY-0058,Richards_Bay_South_Africa,Sagar_Sandheads,Capesize,5900,17.56,SYNTHETIC_ROUTE_REFERENCE
VOY-0059,Richards_Bay_South_Africa,Sagar_Sandheads,Panamax,5900,18.91,SYNTHETIC_ROUTE_REFERENCE
VOY-0060,Richards_Bay_South_Africa,Sagar_Sandheads,Supramax,5900,20.49,SYNTHETIC_ROUTE_REFERENCE
VOY-0061,Richards_Bay_South_Africa,Haldia,Capesize,5850,17.41,SYNTHETIC_ROUTE_REFERENCE
VOY-0062,Richards_Bay_South_Africa,Haldia,Panamax,5850,18.75,SYNTHETIC_ROUTE_REFERENCE
VOY-0063,Richards_Bay_South_Africa,Haldia,Supramax,5850,20.31,SYNTHETIC_ROUTE_REFERENCE
VOY-0064,Maputo_Mozambique,Paradip,Capesize,5200,15.48,SYNTHETIC_ROUTE_REFERENCE
VOY-0065,Maputo_Mozambique,Paradip,Panamax,5200,16.67,SYNTHETIC_ROUTE_REFERENCE
VOY-0066,Maputo_Mozambique,Paradip,Supramax,5200,18.06,SYNTHETIC_ROUTE_REFERENCE
VOY-0067,Maputo_Mozambique,Visakhapatnam,Capesize,5300,15.77,SYNTHETIC_ROUTE_REFERENCE
VOY-0068,Maputo_Mozambique,Visakhapatnam,Panamax,5300,16.99,SYNTHETIC_ROUTE_REFERENCE
VOY-0069,Maputo_Mozambique,Visakhapatnam,Supramax,5300,18.4,SYNTHETIC_ROUTE_REFERENCE
VOY-0070,Maputo_Mozambique,Gangavaram,Capesize,5350,15.92,SYNTHETIC_ROUTE_REFERENCE
VOY-0071,Maputo_Mozambique,Gangavaram,Panamax,5350,17.15,SYNTHETIC_ROUTE_REFERENCE
VOY-0072,Maputo_Mozambique,Gangavaram,Supramax,5350,18.58,SYNTHETIC_ROUTE_REFERENCE
VOY-0073,Maputo_Mozambique,Gopalpur,Capesize,5250,15.62,SYNTHETIC_ROUTE_REFERENCE
VOY-0074,Maputo_Mozambique,Gopalpur,Panamax,5250,16.83,SYNTHETIC_ROUTE_REFERENCE
VOY-0075,Maputo_Mozambique,Gopalpur,Supramax,5250,18.23,SYNTHETIC_ROUTE_REFERENCE
VOY-0076,Maputo_Mozambique,Dhamra,Capesize,5150,15.33,SYNTHETIC_ROUTE_REFERENCE
VOY-0077,Maputo_Mozambique,Dhamra,Panamax,5150,16.51,SYNTHETIC_ROUTE_REFERENCE
VOY-0078,Maputo_Mozambique,Dhamra,Supramax,5150,17.88,SYNTHETIC_ROUTE_REFERENCE
VOY-0079,Maputo_Mozambique,Sagar_Sandheads,Capesize,5000,14.88,SYNTHETIC_ROUTE_REFERENCE
VOY-0080,Maputo_Mozambique,Sagar_Sandheads,Panamax,5000,16.03,SYNTHETIC_ROUTE_REFERENCE
VOY-0081,Maputo_Mozambique,Sagar_Sandheads,Supramax,5000,17.36,SYNTHETIC_ROUTE_REFERENCE
VOY-0082,Maputo_Mozambique,Haldia,Capesize,4950,14.73,SYNTHETIC_ROUTE_REFERENCE
VOY-0083,Maputo_Mozambique,Haldia,Panamax,4950,15.87,SYNTHETIC_ROUTE_REFERENCE
VOY-0084,Maputo_Mozambique,Haldia,Supramax,4950,17.19,SYNTHETIC_ROUTE_REFERENCE
VOY-0085,Kalimantan_Indonesia,Paradip,Capesize,3000,8.93,SYNTHETIC_ROUTE_REFERENCE
VOY-0086,Kalimantan_Indonesia,Paradip,Panamax,3000,9.62,SYNTHETIC_ROUTE_REFERENCE
VOY-0087,Kalimantan_Indonesia,Paradip,Supramax,3000,10.42,SYNTHETIC_ROUTE_REFERENCE
VOY-0088,Kalimantan_Indonesia,Visakhapatnam,Capesize,2850,8.48,SYNTHETIC_ROUTE_REFERENCE
VOY-0089,Kalimantan_Indonesia,Visakhapatnam,Panamax,2850,9.13,SYNTHETIC_ROUTE_REFERENCE
VOY-0090,Kalimantan_Indonesia,Visakhapatnam,Supramax,2850,9.9,SYNTHETIC_ROUTE_REFERENCE
VOY-0091,Kalimantan_Indonesia,Gangavaram,Capesize,2800,8.33,SYNTHETIC_ROUTE_REFERENCE
VOY-0092,Kalimantan_Indonesia,Gangavaram,Panamax,2800,8.97,SYNTHETIC_ROUTE_REFERENCE
VOY-0093,Kalimantan_Indonesia,Gangavaram,Supramax,2800,9.72,SYNTHETIC_ROUTE_REFERENCE
VOY-0094,Kalimantan_Indonesia,Gopalpur,Capesize,2900,8.63,SYNTHETIC_ROUTE_REFERENCE
VOY-0095,Kalimantan_Indonesia,Gopalpur,Panamax,2900,9.29,SYNTHETIC_ROUTE_REFERENCE
VOY-0096,Kalimantan_Indonesia,Gopalpur,Supramax,2900,10.07,SYNTHETIC_ROUTE_REFERENCE
VOY-0097,Kalimantan_Indonesia,Dhamra,Capesize,3100,9.23,SYNTHETIC_ROUTE_REFERENCE
VOY-0098,Kalimantan_Indonesia,Dhamra,Panamax,3100,9.94,SYNTHETIC_ROUTE_REFERENCE
VOY-0099,Kalimantan_Indonesia,Dhamra,Supramax,3100,10.76,SYNTHETIC_ROUTE_REFERENCE
VOY-0100,Kalimantan_Indonesia,Sagar_Sandheads,Capesize,3300,9.82,SYNTHETIC_ROUTE_REFERENCE
VOY-0101,Kalimantan_Indonesia,Sagar_Sandheads,Panamax,3300,10.58,SYNTHETIC_ROUTE_REFERENCE
VOY-0102,Kalimantan_Indonesia,Sagar_Sandheads,Supramax,3300,11.46,SYNTHETIC_ROUTE_REFERENCE
VOY-0103,Kalimantan_Indonesia,Haldia,Capesize,3350,9.97,SYNTHETIC_ROUTE_REFERENCE
VOY-0104,Kalimantan_Indonesia,Haldia,Panamax,3350,10.74,SYNTHETIC_ROUTE_REFERENCE
VOY-0105,Kalimantan_Indonesia,Haldia,Supramax,3350,11.63,SYNTHETIC_ROUTE_REFERENCE
VOY-0106,US_Gulf_USA,Paradip,Capesize,10500,31.25,SYNTHETIC_ROUTE_REFERENCE
VOY-0107,US_Gulf_USA,Paradip,Panamax,10500,33.65,SYNTHETIC_ROUTE_REFERENCE
VOY-0108,US_Gulf_USA,Paradip,Supramax,10500,36.46,SYNTHETIC_ROUTE_REFERENCE
VOY-0109,US_Gulf_USA,Visakhapatnam,Capesize,10600,31.55,SYNTHETIC_ROUTE_REFERENCE
VOY-0110,US_Gulf_USA,Visakhapatnam,Panamax,10600,33.97,SYNTHETIC_ROUTE_REFERENCE
VOY-0111,US_Gulf_USA,Visakhapatnam,Supramax,10600,36.81,SYNTHETIC_ROUTE_REFERENCE
VOY-0112,US_Gulf_USA,Gangavaram,Capesize,10650,31.7,SYNTHETIC_ROUTE_REFERENCE
VOY-0113,US_Gulf_USA,Gangavaram,Panamax,10650,34.13,SYNTHETIC_ROUTE_REFERENCE
VOY-0114,US_Gulf_USA,Gangavaram,Supramax,10650,36.98,SYNTHETIC_ROUTE_REFERENCE
VOY-0115,US_Gulf_USA,Gopalpur,Capesize,10550,31.4,SYNTHETIC_ROUTE_REFERENCE
VOY-0116,US_Gulf_USA,Gopalpur,Panamax,10550,33.81,SYNTHETIC_ROUTE_REFERENCE
VOY-0117,US_Gulf_USA,Gopalpur,Supramax,10550,36.63,SYNTHETIC_ROUTE_REFERENCE
VOY-0118,US_Gulf_USA,Dhamra,Capesize,10450,31.1,SYNTHETIC_ROUTE_REFERENCE
VOY-0119,US_Gulf_USA,Dhamra,Panamax,10450,33.49,SYNTHETIC_ROUTE_REFERENCE
VOY-0120,US_Gulf_USA,Dhamra,Supramax,10450,36.28,SYNTHETIC_ROUTE_REFERENCE
VOY-0121,US_Gulf_USA,Sagar_Sandheads,Capesize,10300,30.65,SYNTHETIC_ROUTE_REFERENCE
VOY-0122,US_Gulf_USA,Sagar_Sandheads,Panamax,10300,33.01,SYNTHETIC_ROUTE_REFERENCE
VOY-0123,US_Gulf_USA,Sagar_Sandheads,Supramax,10300,35.76,SYNTHETIC_ROUTE_REFERENCE
VOY-0124,US_Gulf_USA,Haldia,Capesize,10250,30.51,SYNTHETIC_ROUTE_REFERENCE
VOY-0125,US_Gulf_USA,Haldia,Panamax,10250,32.85,SYNTHETIC_ROUTE_REFERENCE
VOY-0126,US_Gulf_USA,Haldia,Supramax,10250,35.59,SYNTHETIC_ROUTE_REFERENCE
